Squad,Product,ID,Event Name,screen_figma,screen_analytics,object,country,Estado Unificado,Acción Sugerida,Eventos,Fila GA4,Fila FE,Archivo FE,Use Case,Business Question
Banner,CDT,AMP-4-1-001,product,COL_CDT_NewSimulator,Product_Simulated,next_button_clicked,CO,🔴 SIN RASTRO,Deprecar / Implementar de cero,0,,,,Se requiere evaluar si actualmente el funcionamiento del flujo de CDT (simulador) está siendo bien recibido por el usuario y si estos estan interactuando con el contenido de valor que ofrece Tyba CDT. Esto con el fin de incrementar el % de conversión desde Simulador hasta Cash-In.,¿Cuál es el % de usuarios que reintenta el flujo de simulación de CDT desde el dashboard después de hacer un drop-off del flujo?
Banner,CDT,AMP-4-1-002,product,CDT_Summary_CO,Product_Resume,,CO,🔴 SIN RASTRO,Deprecar / Implementar de cero,0,,,,Se requiere evaluar si actualmente el funcionamiento del flujo de CDT (simulador) está siendo bien recibido por el usuario y si estos estan interactuando con el contenido de valor que ofrece Tyba CDT. Esto con el fin de incrementar el % de conversión desde Simulador hasta Cash-In.,¿Cual es el drop-off por pantalla del flujo del simulador y del resumen? 
Banner,CDT,AMP-4-1-003,product,CDT_SelectMethodCashIn_CO,Product_Invested,next_button_clicked,CO,🟢 VIVO (Parcial · object 74%),Mantener,10790,Fila 200,Fila 215,packages/features/generic/cash_in/module/lib/core/attribution/events.dart,Se requiere evaluar si actualmente el funcionamiento del flujo de CDT (simulador) está siendo bien recibido por el usuario y si estos estan interactuando con el contenido de valor que ofrece Tyba CDT. Esto con el fin de incrementar el % de conversión desde Simulador hasta Cash-In.,¿Cual es el drop-off por pantalla del flujo del simulador y del resumen? 
Banner,CDT,AMP-4-1-004,product,Cashin_DepositSucess_CO,Product_Go_Cashin,next_button_clicked,CO,🔴 SIN RASTRO,Deprecar / Implementar de cero,0,,,,Se requiere evaluar si actualmente el funcionamiento del flujo de CDT (simulador) está siendo bien recibido por el usuario y si estos estan interactuando con el contenido de valor que ofrece Tyba CDT. Esto con el fin de incrementar el % de conversión desde Simulador hasta Cash-In.,¿Cual es la conversión en el proceso de simulación de meta para CDT? 
Barton,TRANSVERSAL,AMP-5-0001,profiling,Onboarding_StartProfilling_CO,Onboarding_StartProfilling_Started,button_clicked,CO,🔴 SIN RASTRO,Deprecar / Implementar de cero,0,,,,Queremos saber como se esta comportando el flujo de perfilamiento  para mejorar la conversion general del cashin,¿Cual es la tasa de conversión general de flujo? 
Barton,TRANSVERSAL,AMP-5-0002,profiling,Profilling_Q1,Profiling_Answered,button_clicked,"CO, PE, CL",🟢 VIVO (Exacto),Mantener,59224,Fila 71,Fila 413,packages/features/generic/risk_profile/module/lib/core/attribution/events.dart,Queremos saber como se esta comportando el flujo de perfilamiento  para mejorar la conversion general del cashin,¿Cuantas personas seleccionan x respuesta a la pregunta de perfilamiento Y?
Barton,TRANSVERSAL,AMP-5-0003,profiling,Profilling_Q2,Profiling_Answered,button_clicked,"CO, PE, CL",🟢 VIVO (Exacto) (ℹ️ 1:N Programático),Mantener,57371,Fila 77,Fila 413,packages/features/generic/risk_profile/module/lib/core/attribution/events.dart,Queremos saber como se esta comportando el flujo de perfilamiento  para mejorar la conversion general del cashin,¿Cuantas personas seleccionan x respuesta a la pregunta de perfilamiento Y?
Barton,TRANSVERSAL,AMP-5-0004,profiling,Profilling_Q3,Profiling_Answered,button_clicked,"CO, PE, CL",🟢 VIVO (Exacto) (ℹ️ 1:N Programático),Mantener,56471,Fila 78,Fila 413,packages/features/generic/risk_profile/module/lib/core/attribution/events.dart,Queremos saber como se esta comportando el flujo de perfilamiento  para mejorar la conversion general del cashin,¿Cuantas personas seleccionan x respuesta a la pregunta de perfilamiento Y?
Barton,TRANSVERSAL,AMP-5-0005,profiling,Profilling_Q4,Profiling_Answered,button_clicked,"CO, PE, CL",🟢 VIVO (Exacto) (ℹ️ 1:N Programático),Mantener,55660,Fila 80,Fila 413,packages/features/generic/risk_profile/module/lib/core/attribution/events.dart,Queremos saber como se esta comportando el flujo de perfilamiento  para mejorar la conversion general del cashin,¿Cuantas personas seleccionan x respuesta a la pregunta de perfilamiento Y?
Barton,TRANSVERSAL,AMP-5-0006,profiling,Profilling_Q5,Profiling_Answered,button_clicked,"CO, PE, CL",🟢 VIVO (Exacto) (ℹ️ 1:N Programático),Mantener,55512,Fila 81,Fila 413,packages/features/generic/risk_profile/module/lib/core/attribution/events.dart,Queremos saber como se esta comportando el flujo de perfilamiento  para mejorar la conversion general del cashin,¿Cuantas personas seleccionan x respuesta a la pregunta de perfilamiento Y?
Barton,TRANSVERSAL,AMP-5-0008,profiling,Profilling_SelectProfile_CO,Confirmación perfil de riesgo,button_clicked,CO,🔴 SIN RASTRO,Deprecar / Implementar de cero,0,,,,Queremos saber como se esta comportando el flujo de perfilamiento  para mejorar la conversion general del cashin,¿Cuanto se demora una persona en completar el flujo end to end?
Barton,KYC,AMP-5-0009,KYC,KYC_ModalMigratedUser_PER,Support_CC_migrated,screen,PE,"🟠 EN CÓDIGO, NO DISPARA",Revisar trigger en código,0,,Fila 186,packages/features/generic/bcp_verify/module/lib/core/events/events.dart,"Queremos saber cómo se comportan los clientes que consultan la información contenida en el botón de ""Así vas a invertir""  en la pantalla de creación de meta de un portafolio para aumentar el % de conversión y el monto invertido por un cliente",¿Cuántos usuarios dan clic a este botón?
Barton,KYC,AMP-5-0010,KYC,KYC_ModalMigratedUser_PER,Support_CC_migrated,button_clicked,PE,"🟠 EN CÓDIGO, NO DISPARA",Revisar trigger en código,0,,Fila 187,packages/features/generic/bcp_verify/module/lib/core/events/events.dart,"Queremos saber cómo se comportan los clientes que consultan la información contenida en el botón de ""Así vas a invertir""  en la pantalla de creación de meta de un portafolio para aumentar el % de conversión y el monto invertido por un cliente",¿Cuántos usuarios dan clic a este botón?
Barton,KYC,AMP-5-0011,KYC,KYC_ModalMigratedUser_PER,Support_CC_migrated,close_button_clicked,PE,"🟠 EN CÓDIGO, NO DISPARA",Revisar trigger en código,0,,Fila 188,packages/features/generic/bcp_verify/module/lib/core/events/events.dart,"Queremos saber cómo se comportan los clientes que consultan la información contenida en el botón de ""Así vas a invertir""  en la pantalla de creación de meta de un portafolio para aumentar el % de conversión y el monto invertido por un cliente",¿Cuántos usuarios dan clic a este botón?
Barton,KYC,AMP-9-0013,kyc,KYC_IdentityVinculationInstructions_CO,KYC_Start,next_button_clicked,"CL, CO, PE",🔴 SIN RASTRO,Deprecar / Implementar de cero,0,,,,,"¿Cuántos usuarios llegan a cada modulo del KYC? , ¿Cuanto es el tiempo promedio que toma hacer el KYC? (end to end) (min), ¿Qué pocentaje de las personas salen del flujo y retornan despues?"
Barton,KYC,AMP-9-0014,kyc,KYC_ResumeProcess_CO,Kyc Resumed,next_button_clicked,"CL, CO, PE","🟠 DISPARA, NO ESTÁ EN CÓDIGO",Revisar naming en código FE,32782,Fila 117,,,,"¿Qué pocentaje de las personas salen del flujo y retornan despues?, ¿En promedio, cuantas veces las personas entran al flujo antes de completarlo?, ¿Cuantas sessions en promedio toma completer el flujo?"
Barton,KYC,AMP-9-0015,kyc,KYC_SecurityQuestions_CO,Kyc Completed Security Questions,next_button_clicked,"CL, CO, PE","🟠 DISPARA, NO ESTÁ EN CÓDIGO",Revisar naming en código FE,31770,Fila 120,,,,¿Cuántos usuarios llegan a cada modulo del KYC? 
Barton,KYC,AMP-9-0016,kyc,KYC_IdentityValidationPersonalDataAndIDInformation_CO,Kyc Completed Personal Questions,next_button_clicked,"CL, CO, PE","🟠 DISPARA, NO ESTÁ EN CÓDIGO",Revisar naming en código FE,16769,Fila 166,,,,¿Cuántos usuarios llegan a cada modulo del KYC? 
Barton,KYC,AMP-9-0017,kyc,KYC_ResidenceInformation_CO,kYC Completed fiscal address residence Questions,next_button_clicked,"CL, CO, PE","🟠 DISPARA, NO ESTÁ EN CÓDIGO",Revisar naming en código FE,6058,Fila 233,,,,¿Cuántos usuarios llegan a cada modulo del KYC? 
Barton,KYC,AMP-9-0018,kyc,KYC_WorkingInformation_CO,Kyc Completed Work Questions,next_button_clicked,"CL, CO, PE",🔴 SIN RASTRO,Deprecar / Implementar de cero,0,,,,,¿Cuántos usuarios llegan a cada modulo del KYC? 
Barton,KYC,AMP-9-0019,kyc,KYC_FinancialInformation, Kyc Completed Financial Questions,next_button_clicked,"CL, CO, PE",🔴 SIN RASTRO,Deprecar / Implementar de cero,0,,,,,¿Cuántos usuarios llegan a cada modulo del KYC? 
Barton,KYC,AMP-9-0039,kyc,KYC_IDPhotoInstructions,KYC_IDPhotoInstructions_Continued,action_button_clicked,CL,🟢 VIVO (Exacto),Mantener,47467,Fila 90,Fila 197,packages/features/generic/biometric_verify/module/lib/core/attribution/biometric_event.dart,,¿Cuantas personas avanzan para tomar las fotos del documento?
Barton,KYC,AMP-9-0040,kyc,KYC_FrontIDPhoto,KYC_FrontIDPhoto_Taken,action_button_clicked,"CL,PE,CO",🟢 VIVO (Exacto),Mantener,2413,Fila 293,Fila 198,packages/features/generic/biometric_verify/module/lib/core/attribution/biometric_event.dart,,¿Cuanta gente toma las fotos del documento?
Barton,KYC,AMP-9-0041,kyc,KYC_BackIDPhoto_CO,CompleteKYC_IDVerificationPicture_Taken,action_button_clicked,"CL,PE,CO",🔴 SIN RASTRO,Deprecar / Implementar de cero,0,,,,,¿Cuanta gente toma las fotos del documento?
Barton,KYC,AMP-9-0043,kyc,KYC_FrontIDPhotoConfirmation,KYC_FrontIDPhotoConfirmation_Repeated,action_button_clicked,"CL,PE,CO",🟢 VIVO (Exacto),Mantener,2407,Fila 300,Fila 201,packages/features/generic/biometric_verify/module/lib/core/attribution/biometric_event.dart,,¿Cuanta gente le da a repetir a la foto frontal?
Barton,KYC,AMP-9-0044,kyc,KYC_FrontIDPhotoConfirmation,KYC_FrontIDPhotoConfirmation_Saved,action_button_clicked,CL,🟢 VIVO (Exacto) (⚠️ Colisión),Mantener,2407,Fila 300,Fila 201,packages/features/generic/biometric_verify/module/lib/core/attribution/biometric_event.dart,,¿Cuanta gente le da confirmar al tomar la foto frontal?
Barton,KYC,AMP-9-0045,kyc,KYC_BackIDPhotoConfirmation,KYC_BackIDPhotoConfirmation_Repeated,action_button_clicked,"CL,PE,CO",🟢 VIVO (Exacto),Mantener,1737,Fila 313,Fila 203,packages/features/generic/biometric_verify/module/lib/core/attribution/biometric_event.dart,,¿Cuanta gente le da a repetir a la foto posterior?
Barton,KYC,AMP-9-0046,kyc,KYC_BackIDPhotoConfirmation,KYC_BackIDPhotoConfirmation_Saved,action_button_clicked,CL,🟢 VIVO (Exacto) (⚠️ Colisión),Mantener,1737,Fila 313,Fila 203,packages/features/generic/biometric_verify/module/lib/core/attribution/biometric_event.dart,,¿Cuanta gente le da confirmar a la foto posterior?
Barton,KYC,AMP-9-0051,kyc,View_error,Inte,action_button_clicked,"CL,CO,PE",🔴 SIN RASTRO,Deprecar / Implementar de cero,0,,,,,"¿Cuanta gente tiene un error de foto?




"
Barton,KYC,AMP-9-0020,kyc,KYC_CompleteBonding,Kyc Completed Sigining Contract,next_button_clicked,CL,🔴 SIN RASTRO,Deprecar / Implementar de cero,0,,,,,"¿Cuántos usuarios llegan a cada modulo del KYC? , ¿Cuanto es el tiempo promedio que toma hacer el KYC? (end to end) (min)"
Barton,KYC,AMP-9-0042,kyc,KYC_AllowAccessToCamera,KYC_AllowAccessToCamera_Given,action_button_clicked,CL,"🟠 EN CÓDIGO, NO DISPARA",Revisar trigger en código,0,,Fila 200,packages/features/generic/biometric_verify/module/lib/core/attribution/biometric_event.dart,,¿Cuanta gente le da los permisos a la foto?
Barton,KYC,AMP-9-0047,kyc,KYC_animationbackphoto,KYC_BackIDPhotoSuccess_Loading,,CL,🔴 SIN RASTRO,Deprecar / Implementar de cero,0,,,,,¿Cuanta gente termina el proceso de escaneo de su foto?
Barton,KYC,AMP-9-0049,kyc,KYC_AllowAccessToCamera,KYC_AllowAccessToCamera_Clicked,action_button_clicked,CL,"🟠 EN CÓDIGO, NO DISPARA (⚠️ Colisión)",Revisar trigger en código,0,,Fila 200,packages/features/generic/biometric_verify/module/lib/core/attribution/biometric_event.dart,,"¿Cuanta gente le da los permisos a la foto?




"
Barton_Acciones,KYC,AMP-2-0014,kyc,KYC_ResumeProcess,Resume process,Button,CO-PE-CL,🔴 SIN RASTRO,Deprecar / Implementar de cero,0,,,,,¿Qué porcentaje de usuarios retoman el flujo de KYC? 
Barton_Acciones,KYC,AMP-2-0015,kyc,KYC_SecurityQuestions,Security Questions,action_button,CO-PE-CL,🔴 SIN RASTRO,Deprecar / Implementar de cero,0,,,,,¿Cuál es el porcentaje de conversión de clientes por paso del KYC?
Barton_Acciones,KYC,AMP-2-0016,kyc,KYC_IdentityValidationPersonalDataAndIDInformation,Identity Validation,Button,CO-PE-CL,🔴 SIN RASTRO,Deprecar / Implementar de cero,0,,,,,¿Cuál es el porcentaje de conversión de clientes por paso del KYC?
Barton_Acciones,KYC,AMP-2-0017,kyc,KYC_ResidenceInformation,Residence Information,Button,CO-PE-CL,🔴 SIN RASTRO,Deprecar / Implementar de cero,0,,,,,¿Cuál es el porcentaje de conversión de clientes por paso del KYC?
Barton_Acciones,KYC,AMP-2-0018,kyc,KYC_WorkingInformation,Working Information,Button,CO-PE-CL,🔴 SIN RASTRO,Deprecar / Implementar de cero,0,,,,,¿Qué porcentaje de usuarios completa el módulo de información laboral?
Barton_Acciones,KYC,AMP-2-0019,kyc,KYC_FinancialInformation,Financial Information,Button,CO-PE-CL,🔴 SIN RASTRO,Deprecar / Implementar de cero,0,,,,,¿Cuál es el porcentaje de conversión de clientes por paso del KYC?
Barton_Acciones,KYC,AMP-2-0020,kyc,KYC_PEPNoInvestment_STK,PEP No Investment,Button,CO-PE-CL,🔴 SIN RASTRO,Deprecar / Implementar de cero,0,,,,,¿Cuál es el porcentaje de conversión de clientes por paso del KYC?
Barton_Acciones,KYC,AMP-2-0021,kyc,KYC_SuccessVinculation,Success Vinculation,Button,CO-PE-CL,🔴 SIN RASTRO,Deprecar / Implementar de cero,0,,,,,¿Cuál es el porcentaje de conversión de clientes por paso del KYC?
Barton_Acciones,KYC,AMP-13-0047 (Colombia tiene botón de asistida),kyc,KYC_PEPNoInvestment_STK,,Button,CO-PE-CL,🔴 SIN RASTRO,Deprecar / Implementar de cero,0,,,,,¿Cuál es el porcentaje de usuarios que experimenta bloqueos en el flujo de KYC?
Barton_Acciones,KYC,AMP-13-0048 (tagging Parker AMP-3-0005),kyc,KYC_Step1LinkAccountBCP_STKPE,,action_button,PE,🔴 SIN RASTRO,Deprecar / Implementar de cero,0,,,,,¿Cuál es el porcentaje de usuarios que experimenta bloqueos en el flujo de KYC?
Barton_Acciones,KYC,AMP-13-0050,kyc,KYC_KeyBCPLockedModal_STKPE,,action_button,PE,🔴 SIN RASTRO,Deprecar / Implementar de cero,0,,,,,¿Cuál es el porcentaje de usuarios que experimenta bloqueos en el flujo de KYC?
Barton_Acciones,KYC,AMP-13-0051,kyc,KYC_ConfirmationAnswerPEP_STK,,action_button,PE,🔴 SIN RASTRO,Deprecar / Implementar de cero,0,,,,,¿Cuál es el porcentaje de usuarios que experimenta bloqueos en el flujo de KYC?
Barton_Acciones,KYC,AMP-5-0039,kyc,KYC_accessRefused,KYC_Validation_Failure,screen,"PE, CO",🟢 VIVO (Exacto),Mantener,13964,Fila 179,Fila 395,packages/features/generic/kyc/module/lib/core/attribution/events.dart,,¿Qué porcentaje de usuarios no puede invertir en el producto por validación de reglas?
Barton_Biometria,KYC,AMP-5-0023,kyc,KYC_IdentityValidationInstructions,KYC_PhotoInstructions_Continued,action_button,CO,🔴 SIN RASTRO,Deprecar / Implementar de cero,0,,,,,¿Cuál es la pantalla dónde más caídas de usuario se presenta?
Barton_Biometria,KYC,AMP-5-0024,kyc,KYC_IdentityValidationInstructions,KYC_PhotoInstructions_Abandoned,close_button,CO,🔴 SIN RASTRO,Deprecar / Implementar de cero,0,,,,,¿Cuantos usuarios abandonan la toma de selfie voluntariamente?
Barton_Biometria,KYC,AMP-5-0020,kyc,KYC_AllowAccessToCamera,KYC_AllowAccessToCamera_Given,action_button_clicked,"CL,CO,PE","🟠 EN CÓDIGO, NO DISPARA (⚠️ Colisión)",Revisar trigger en código,0,,Fila 200,packages/features/generic/biometric_verify/module/lib/core/attribution/biometric_event.dart,"Queremos saber cómo se comportan los clientes que consultan la información contenida en el botón de ""Así vas a invertir""  en la pantalla de creación de meta de un portafolio para aumentar el % de conversión y el monto invertido por un cliente",¿Cuántos usuarios dan clic a este botón?
Barton_Biometria,KYC,AMP-5-0027,kyc,KYC_IdentityValidationTakeAPhoto,KYC_SelfiePhoto_Autotaken,screen,CO,🔴 SIN RASTRO,Deprecar / Implementar de cero,0,,,,,¿Cuál es la pantalla dónde más caídas de usuario se presenta?
Barton_Biometria,KYC,AMP-5-0026,kyc,KYC_IdentityValidationTakeAPhoto,KYC_SelfiePhoto_Exit,back_arrow,CO,🔴 SIN RASTRO,Deprecar / Implementar de cero,0,,,,,¿Cuantos usuarios abandonan la toma de selfie voluntariamente?
Barton_Biometria,KYC,AMP-5-0025,kyc,KYC_IdentityValidationTakeAPhoto,KYC_SelfiePhoto_Taken,action_button,CO,🔴 SIN RASTRO,Deprecar / Implementar de cero,0,,,,,¿Cuál es la pantalla dónde más caídas de usuario se presenta?
Barton_Biometria,KYC,AMP-5-0028,kyc,KYC_IdentityValidationConfirmPhoto,KYC_SelfiePhoto_Confirm,action_button,CO,🔴 SIN RASTRO,Deprecar / Implementar de cero,0,,,,,¿Cuál es la pantalla dónde más caídas de usuario se presenta?
Barton_Biometria,KYC,AMP-5-0029,kyc,KYC_IdentityValidationConfirmPhoto,KYC_SelfiePhoto_Repeat,action_button,CO,🔴 SIN RASTRO,Deprecar / Implementar de cero,0,,,,,¿Cuantas veces un usuario debe repetir la toma de la selfie?
Barton_Biometria,KYC,AMP-5-0030,kyc,KYC_IdentityValidationRetryPhoto,KYC_SelfiePhoto_Retry,action_button,CO,🔴 SIN RASTRO,Deprecar / Implementar de cero,0,,,,,¿Cuantas veces un usuario debe repetir la toma de la selfie?
Barton_Biometria,KYC,AMP-5-0031,kyc,KYC_IdentityValidationErrorPhoto,KYC_SelfiePhoto_Error,action_button,CO,🔴 SIN RASTRO,Deprecar / Implementar de cero,0,,,,,¿Cuantas veces un usuario debe repetir la toma de la selfie si hay error?
Barton_Biometria,KYC,AMP-5-0011,kyc,KYC_IDPhotoInstructions,KYC_IDPhotoInstructions_Continued,action_button_clicked,"CL, CO, PE",🟢 VIVO (Exacto) (⚠️ Colisión),Mantener,47467,Fila 90,Fila 188,packages/features/generic/bcp_verify/module/lib/core/events/events.dart,,¿Cuál es la pantalla dónde más caídas de usuario se presenta?
Barton_Biometria,KYC,AMP-5-0020,kyc,KYC_AllowAccessToCamera,KYC_AllowAccessToCamera_Given,action_button_clicked,"CL,CO,PE","🟠 EN CÓDIGO, NO DISPARA (⚠️ Colisión)",Revisar trigger en código,0,,Fila 200,packages/features/generic/biometric_verify/module/lib/core/attribution/biometric_event.dart,"Queremos saber cómo se comportan los clientes que consultan la información contenida en el botón de ""Así vas a invertir""  en la pantalla de creación de meta de un portafolio para aumentar el % de conversión y el monto invertido por un cliente",¿Cuántos usuarios dan clic a este botón?
Barton_Biometria,KYC,AMP-5-0021,kyc,KYC_NoAllowAccessToCamera,KYC_NoAllowAccessToCamera_Clicked,action_button_clicked,"CL,CO,PE","🟠 EN CÓDIGO, NO DISPARA",Revisar trigger en código,0,,Fila 206,packages/features/generic/biometric_verify/module/lib/core/attribution/biometric_event.dart,"Queremos saber cómo se comportan los clientes que consultan la información contenida en el botón de ""Así vas a invertir""  en la pantalla de creación de meta de un portafolio para aumentar el % de conversión y el monto invertido por un cliente",¿Cuántos usuarios dan clic a este botón?
Barton_Biometria,KYC,AMP-5-0012,kyc,KYC_FrontIDPhoto,KYC_FrontIDPhoto_Taken,action_button_clicked,"CL,PE,CO",🟢 VIVO (Exacto) (⚠️ Colisión),Mantener,2413,Fila 293,Fila 198,packages/features/generic/biometric_verify/module/lib/core/attribution/biometric_event.dart,,¿Cuántos usuarios completan satisfactoriamente el flujo de la toma frontal del ID?
Barton_Biometria,KYC,AMP-5-0014,kyc,KYC_FrontIDPhotoConfirmation,KYC_FrontIDPhotoConfirmation_Repeated,action_button_clicked,"CL,PE,CO",🟢 VIVO (Exacto) (⚠️ Colisión),Mantener,2407,Fila 300,Fila 201,packages/features/generic/biometric_verify/module/lib/core/attribution/biometric_event.dart,,¿Cuantas veces un usuario debe repetir la toma frontal del ID?
Barton_Biometria,KYC,AMP-5-0015,kyc,KYC_FrontIDPhotoConfirmation,KYC_FrontIDPhotoConfirmation_Saved,action_button_clicked,"CL,CO,PE",🟢 VIVO (Exacto) (⚠️ Colisión),Mantener,2407,Fila 300,Fila 201,packages/features/generic/biometric_verify/module/lib/core/attribution/biometric_event.dart,,¿Cuántos usuarios completan satisfactoriamente el flujo de la toma frontal del ID?
Barton_Biometria,KYC,AMP-5-0013,kyc,KYC_BackIDPhoto_CO,KYC_BackIDPhoto_Taken,action_button_clicked,"CL,PE,CO",🔴 SIN RASTRO,Deprecar / Implementar de cero,0,,,,,¿Cuántos usuarios completan satisfactoriamente el flujo de la toma del reverso del ID?
Barton_Biometria,KYC,AMP-5-0016,kyc,KYC_BackIDPhotoConfirmation,KYC_BackIDPhotoConfirmation_Repeated,action_button_clicked,"CL,PE,CO",🟢 VIVO (Exacto) (⚠️ Colisión),Mantener,1737,Fila 313,Fila 203,packages/features/generic/biometric_verify/module/lib/core/attribution/biometric_event.dart,,¿Cuàntas veces un usuario debe repetir la toma del reverso del ID?
Barton_Biometria,KYC,AMP-5-0017,kyc,KYC_BackIDPhotoConfirmation,KYC_BackIDPhotoConfirmation_Saved,action_button_clicked,"CL,CO,PE",🟢 VIVO (Exacto) (⚠️ Colisión),Mantener,1737,Fila 313,Fila 203,packages/features/generic/biometric_verify/module/lib/core/attribution/biometric_event.dart,,¿Cuántos usuarios completan satisfactoriamente el flujo de la toma del reverso del ID?
Barton_Biometria,KYC,AMP-5-0039,kyc,KYC_IDPhotoInstructions,KYC_IDPhotoInstructions_Continued,action_button_clicked,CL,🟢 VIVO (Exacto) (⚠️ Colisión),Mantener,47467,Fila 90,Fila 197,packages/features/generic/biometric_verify/module/lib/core/attribution/biometric_event.dart,,¿Cuantas personas avanzan para tomar las fotos del documento?
Barton_Biometria,KYC,AMP-5-0018,kyc,View_error_ID,KYC_Error_Retry_ID,action_button_clicked,"CL,CO,PE",🔴 SIN RASTRO,Deprecar / Implementar de cero,0,,,,,¿Cuantos errores presenta la app en el proceso de ID?
Danvers,RVI,AMP-12-0001,cash_in,CashIn_PendingResult_STKCO,Cash_In_Completed,action_button,CO,🟢 VIVO (Exacto),Mantener,6792,Fila 225,Fila 232,packages/features/generic/cash_in/module/lib/core/attribution/events.dart,Buscamos entender el comportamiento de los usuarios en el Flujo de Cash in teniendo como finalidad de negocio aumentar la conversión de este flujo y así aumentar el NNM.,¿Cuál es el tiempo promedio que gastan los usuarios durante el Cash in?
Danvers,RVI,AMP-12-0002,cash_in,PurchaseOrder_NoCreditModal_STKCO,Cash_In_Start_Ord,action_button,CO,"🟠 EN CÓDIGO, NO DISPARA",Revisar trigger en código,0,,Fila 23,packages/features/core/market_cap/module/lib/core/attribution/events.dart,Buscamos entender el comportamiento de los usuarios en el Flujo de Cash in teniendo como finalidad de negocio aumentar la conversión de este flujo y así aumentar el NNM.,¿Desde qué punto accede la mayor cantidad  de usuarios al Flujo de Cash in?
Danvers,RVI,AMP-12-0003,cash_in,Portfolio_STK,Cash_In_Start_Por,action_button,CO,🟢 VIVO (Exacto),Mantener,3904,Fila 261,Fila 21,packages/features/core/market_cap/module/lib/core/attribution/events.dart,Buscamos entender el comportamiento de los usuarios en el Flujo de Cash in teniendo como finalidad de negocio aumentar la conversión de este flujo y así aumentar el NNM.,¿Desde qué punto accede la mayor cantidad  de usuarios al Flujo de Cash in?
Danvers,RVI,AMP-12-0004,cash_in,Portfolio_STK,Cash_In_Start_Nav,action_button,CO,🟢 VIVO (Exacto),Mantener,17942,Fila 160,Fila 327,packages/features/generic/dashboard/module/lib/core/attribution/events.dart,Buscamos entender el comportamiento de los usuarios en el Flujo de Cash in teniendo como finalidad de negocio aumentar la conversión de este flujo y así aumentar el NNM.,¿Desde qué punto accede la mayor cantidad  de usuarios al Flujo de Cash in?
Danvers,RVI,AMP-12-0005,cash_in,Movements_Home_STK,Cash_In_Start_Move,action_button,CO,🟢 VIVO (Exacto),Mantener,1547,Fila 312,Fila 20,packages/features/core/market_cap/module/lib/core/attribution/events.dart,Buscamos entender el comportamiento de los usuarios en el Flujo de Cash in teniendo como finalidad de negocio aumentar la conversión de este flujo y así aumentar el NNM.,¿Desde qué punto accede la mayor cantidad  de usuarios al Flujo de Cash in?
Danvers,RVI,AMP-12-0006,cash_out,Portfolio_STK,Cash Out Start,action_button,CO,"🟠 EN CÓDIGO, NO DISPARA",Revisar trigger en código,0,Fila 168,Fila 292,packages/features/generic/cash_out/module/lib/core/attribution/events.dart,Buscamos entender el comportamiento de los usuarios en el Flujo de Cash out teniendo como finalidad de negocio aumentar la conversión de este flujo ,¿Desde qué punto accede la mayor cantidad de usuarios al Flujo de Cash out?
Danvers,RVI,AMP-12-0007,cash_out,Movements_Home_STK,Cash Out Start,action_button,CO,"🟠 EN CÓDIGO, NO DISPARA",Revisar trigger en código,0,Fila 288,Fila 291,packages/features/generic/cash_out/module/lib/core/attribution/events.dart,Buscamos entender el comportamiento de los usuarios en el Flujo de Cash out teniendo como finalidad de negocio aumentar la conversión de este flujo ,¿Desde qué punto accede la mayor cantidad de usuarios al Flujo de Cash out?
Danvers,RVI,AMP-12-0008,cash_out,CashOut_STKCO,Cash_Out_Completed,action_button,CO,🟢 VIVO (Exacto),Mantener,4091,Fila 253,Fila 290,packages/features/generic/cash_out/module/lib/core/attribution/events.dart,Buscamos entender el comportamiento de los usuarios en el Flujo de Cash out teniendo como finalidad de negocio aumentar la conversión de este flujo ,¿Cuál es el tiempo promedio que gastan los usuarios durante el Cash out?
Danvers,KYC,AMP-12-0009,kyc,KYC_IdentityVinculationInstructions_CO,KYC_Start,action_button,CO,🔴 SIN RASTRO,Deprecar / Implementar de cero,0,,,,"Buscamos construir el funnel de conversión y rastrear los pasos que  tienen mayor caida. Con esto podremos implementar mejoras en esos pasos, aumentando la conversión de usuarios que logran llegar al flujo de cashin ",¿Qué porcentaje de usuarios inicia el flujo de vinculación?
Danvers,KYC,AMP-12-0010,kyc,KYC_ResumeProcess_CO,KYC_Restart,action_button,CO,🔴 SIN RASTRO,Deprecar / Implementar de cero,0,,,,"Buscamos construir el funnel de conversión y rastrear los pasos que  tienen mayor caida. Con esto podremos implementar mejoras en esos pasos, aumentando la conversión de usuarios que logran llegar al flujo de cashin ",¿Qué porcentaje de usuarios retoman el flujo de KYC? 
Danvers,KYC,AMP-12-0011,kyc,CompleteBonding_FinanceQ3_CO,KYC_Security_Questions_Success,action_button,CO,🔴 SIN RASTRO,Deprecar / Implementar de cero,0,,,,"Buscamos construir el funnel de conversión y rastrear los pasos que  tienen mayor caida. Con esto podremos implementar mejoras en esos pasos, aumentando la conversión de usuarios que logran llegar al flujo de cashin ",¿Qué porcentaje de usuarios de forma válida las preguntas de seguridad?
Danvers,KYC,AMP-12-0012,kyc,KYC_SuccessMessageAndWaitingInformation_CO,KYC_Biometric_Validation_Success,screen,CO,🔴 SIN RASTRO,Deprecar / Implementar de cero,0,,,,"Buscamos construir el funnel de conversión y rastrear los pasos que  tienen mayor caida. Con esto podremos implementar mejoras en esos pasos, aumentando la conversión de usuarios que logran llegar al flujo de cashin ",¿ Qué porcentaje de usuarios logran realizar la validación biométrica?
Danvers,KYC,AMP-12-0013,kyc,KYC_BackIDPhotoSuccess_CO,KYC_Scan_ID_Success,screen,CO,🔴 SIN RASTRO,Deprecar / Implementar de cero,0,,,,"Buscamos construir el funnel de conversión y rastrear los pasos que  tienen mayor caida. Con esto podremos implementar mejoras en esos pasos, aumentando la conversión de usuarios que logran llegar al flujo de cashin ",¿ Qué porcentaje de usuarios  logran escanear su documento?
Danvers,KYC,AMP-12-0014,kyc,KYC_IdentityValidationPersonalDataAndIDInformation_CO,KYC_Personal_Information_Completed,action_button,CO,🔴 SIN RASTRO,Deprecar / Implementar de cero,0,,,,"Buscamos construir el funnel de conversión y rastrear los pasos que  tienen mayor caida. Con esto podremos implementar mejoras en esos pasos, aumentando la conversión de usuarios que logran llegar al flujo de cashin ",¿Qué porcentaje de usuarios completa el módulo de datos personales?
Danvers,KYC,AMP-12-0015,kyc,KYC_ResidenceInformation_CO,KYC_Residence_Information_Completed,action_button,CO,🔴 SIN RASTRO,Deprecar / Implementar de cero,0,,,,"Buscamos construir el funnel de conversión y rastrear los pasos que  tienen mayor caida. Con esto podremos implementar mejoras en esos pasos, aumentando la conversión de usuarios que logran llegar al flujo de cashin ",¿Qué porcentaje de usuarios completa el módulo de lugar de residencia?
Danvers,KYC,AMP-12-0016,kyc,KYC_WorkingInformation_CO,KYC_Working_Information_Completed,action_button,CO,🔴 SIN RASTRO,Deprecar / Implementar de cero,0,,,,"Buscamos construir el funnel de conversión y rastrear los pasos que  tienen mayor caida. Con esto podremos implementar mejoras en esos pasos, aumentando la conversión de usuarios que logran llegar al flujo de cashin ",¿Qué porcentaje de usuarios completa el módulo de información laboral?
Danvers,KYC,AMP-12-0017,kyc,KYC_FinancialInformation_CO,KYC_Financial_Information_Completed,action_button,CO,🔴 SIN RASTRO,Deprecar / Implementar de cero,0,,,,"Buscamos construir el funnel de conversión y rastrear los pasos que  tienen mayor caida. Con esto podremos implementar mejoras en esos pasos, aumentando la conversión de usuarios que logran llegar al flujo de cashin ",¿Qué porcentaje de usuarios completa el módulo de información financiera?
Danvers,KYC,AMP-12-0018,kyc,CompleteBonding_FinanceQ3_CO,KYC_Certifications_Completed,action_button,CO,🔴 SIN RASTRO,Deprecar / Implementar de cero,0,,,,"Buscamos construir el funnel de conversión y rastrear los pasos que  tienen mayor caida. Con esto podremos implementar mejoras en esos pasos, aumentando la conversión de usuarios que logran llegar al flujo de cashin ",¿Qué porcentaje de usuarios valida las certificaciones?
Danvers,KYC,AMP-12-0019,kyc,KYC_SuccessVinculation_CO,KYC_Completed,screen,CO,🔴 SIN RASTRO,Deprecar / Implementar de cero,0,,,,"Buscamos construir el funnel de conversión y rastrear los pasos que  tienen mayor caida. Con esto podremos implementar mejoras en esos pasos, aumentando la conversión de usuarios que logran llegar al flujo de cashin ",¿Qué porcentaje de usuarios se vincula satisfactoriamente para el producto de acciones?
Danvers,KYC,AMP-12-0020,cash_in,CashIn_UncompleteRegister_STKCO,,screen,CO,🔴 SIN RASTRO,Deprecar / Implementar de cero,0,,,,Buscamos entender el comportamiento de los usuarios en el Flujo de Cash in teniendo como finalidad de negocio aumentar la conversión de este flujo y así aumentar el NNM.,¿Cuál es el porcentaje de retoma del proceso de vinculación dentro del flujo de Cash In?
Danvers,KYC,AMP-12-0021,cash_in,CashIn_UncompleteRegister_STKCO,,action_button,CO,🔴 SIN RASTRO,Deprecar / Implementar de cero,0,,,,Buscamos entender el comportamiento de los usuarios en el Flujo de Cash in teniendo como finalidad de negocio aumentar la conversión de este flujo y así aumentar el NNM.,¿Cuál es el porcentaje de retoma del proceso de vinculación dentro del flujo de Cash In?
Danvers,KYC,AMP-12-0022,cash_in,CashIn_SupportView_STKCO,Cash_In_Support,action_button,CO,🟢 VIVO (Exacto),Mantener,635,Fila 345,Fila 240,packages/features/generic/cash_in/module/lib/core/attribution/events.dart,Buscamos entender el comportamiento de los usuarios en el Flujo de Cash in teniendo como finalidad de negocio aumentar la conversión de este flujo y así aumentar el NNM.,¿Cuál es el porcentaje de visualización de pantallas o mensajes de error dentro del flujo de Cash In?
Danvers,RVI,AMP-12-0023,cash_in,CashIn_CrashError_STKCO,Cash_In_Error,action_button,CO,"🟠 DISPARA, NO ESTÁ EN CÓDIGO",Revisar naming en código FE,990,Fila 327,,,Buscamos entender el comportamiento de los usuarios en el Flujo de Cash in teniendo como finalidad de negocio aumentar la conversión de este flujo y así aumentar el NNM.,¿Cuál es el porcentaje de visualización de pantallas o mensajes de error dentro del flujo de Cash In?
Danvers,RVI,AMP-12-0024,cash_in,CashIn_CrashErrorPSE_STKCO,Cash_In_Error_PSE,action_button,CO,🟢 VIVO (Exacto),Mantener,599,Fila 347,Fila 241,packages/features/generic/cash_in/module/lib/core/attribution/events.dart,Buscamos entender el comportamiento de los usuarios en el Flujo de Cash in teniendo como finalidad de negocio aumentar la conversión de este flujo y así aumentar el NNM.,¿Cuál es el porcentaje de visualización de pantallas o mensajes de error dentro del flujo de Cash In?
Danvers,RVI,AMP-12-0025,cash_in,CashIn_CloseExchange_STKCO,Cash_In_Close_Market,action_button,CO,🔴 SIN RASTRO,Deprecar / Implementar de cero,0,,,,Buscamos entender el comportamiento de los usuarios en el Flujo de Cash in teniendo como finalidad de negocio aumentar la conversión de este flujo y así aumentar el NNM.,¿Cuál es el porcentaje de intentos de depósito de dinero fuera del tiempo del mercado abierto en el flujo de Cash In?
Danvers,RVI,AMP-12-0026,cash_in,CashIn_CloseMarketModal_STKCO,Cash_In_Close_Market_Modal,action_button,CO,🟢 VIVO (Exacto),Mantener,5,Fila 470,Fila 243,packages/features/generic/cash_in/module/lib/core/attribution/events.dart,Buscamos entender el comportamiento de los usuarios en el Flujo de Cash in teniendo como finalidad de negocio aumentar la conversión de este flujo y así aumentar el NNM.,¿Cuál es el porcentaje de intentos de depósito de dinero fuera del tiempo del mercado abierto en el flujo de Cash In?
Danvers,RVI,AMP-12-0027,cash_in,CashIn_Walthrough_STKCO,Cash_In_Walkthrough,action_button,CO,🔴 SIN RASTRO,Deprecar / Implementar de cero,0,,,,Buscamos entender el comportamiento de los usuarios en el Flujo de Cash in teniendo como finalidad de negocio aumentar la conversión de este flujo y así aumentar el NNM.,¿Cuál es el porcentaje de adopción y visualización de las ayudas dentro del flujo de Cash In?
Danvers,RVI,AMP-12-0028,cash_in,CashIn_AddAmount_STKCO,Cash_In_Add_Amount_Switch,action_button,CO,🔴 SIN RASTRO,Deprecar / Implementar de cero,0,Fila 153,Fila 244,packages/features/generic/cash_in/module/lib/core/attribution/events.dart,Buscamos entender el comportamiento de los usuarios en el Flujo de Cash in teniendo como finalidad de negocio aumentar la conversión de este flujo y así aumentar el NNM.,¿Cuál es el tiempo promedio que gastan los usuarios durante el Cash In?
Danvers,RVI,AMP-12-0029,cash_in,CashIn_AddAmount_STKCO,Cash_In_Add_Amount,action_button,CO,🟢 VIVO (Exacto) (ℹ️ 1:N Programático),Mantener,19244,Fila 153,Fila 244,packages/features/generic/cash_in/module/lib/core/attribution/events.dart,Buscamos entender el comportamiento de los usuarios en el Flujo de Cash in teniendo como finalidad de negocio aumentar la conversión de este flujo y así aumentar el NNM.,¿Cuál es el porcentaje de conversión de clientes por paso en Cash In?
Danvers,RVI,AMP-12-0030,cash_in,CashIn_SelectBank_STKCO,Cash_In_Select_Bank,card,CO,🟢 VIVO (Exacto),Mantener,19033,Fila 154,Fila 245,packages/features/generic/cash_in/module/lib/core/attribution/events.dart,Buscamos entender el comportamiento de los usuarios en el Flujo de Cash in teniendo como finalidad de negocio aumentar la conversión de este flujo y así aumentar el NNM.,¿Cuál es el porcentaje de conversión de clientes por paso en Cash In?
Danvers,RVI,AMP-12-0031,cash_in,CashIn_EmptyStateSelectBank_STKCO,Cash_In_Empty_State_Select_Bank,screen,CO,🟢 VIVO (Exacto),Mantener,960,Fila 329,Fila 246,packages/features/generic/cash_in/module/lib/core/attribution/events.dart,Buscamos entender el comportamiento de los usuarios en el Flujo de Cash in teniendo como finalidad de negocio aumentar la conversión de este flujo y así aumentar el NNM.,¿Cuál es el porcentaje de conversión de clientes por paso en Cash In?
Danvers,RVI,AMP-12-0032,cash_in,CashIn_SummaryTransaction_STKCO,Cash_In_Summary_Transaction,action_button,CO,🟢 VIVO (Exacto),Mantener,13558,Fila 183,Fila 247,packages/features/generic/cash_in/module/lib/core/attribution/events.dart,Buscamos entender el comportamiento de los usuarios en el Flujo de Cash in teniendo como finalidad de negocio aumentar la conversión de este flujo y así aumentar el NNM.,¿Cuál es el porcentaje de conversión de clientes por paso en Cash In?
Danvers,RVI,AMP-12-0033,cash_in,CashIn_ExchangeNextDayModal_STKCO,Cash_In_Exchange_Next_Day_Modal,action_button,CO,🟢 VIVO (Exacto),Mantener,5141,Fila 244,Fila 248,packages/features/generic/cash_in/module/lib/core/attribution/events.dart,Buscamos entender el comportamiento de los usuarios en el Flujo de Cash in teniendo como finalidad de negocio aumentar la conversión de este flujo y así aumentar el NNM.,"¿Cuál es el porcentaje de intentos de depósito de dinero fuera del tiempo del mercado abierto en el flujo de Cash In?, ¿Desde qué punto accede la mayor cantidad  de usuarios al Flujo de Cash in?, ¿Desde qué punto accede la mayor cantidad  de usuarios al Flujo de Cash in?, ¿Desde qué punto accede la mayor cantidad  de usuarios al Flujo de Cash in?"
Falcon,KYC,AMP-2-0013,kyc,KYC_IdentityVinculationInstructions_STKCL,KYC Instructions,Button,CL,🔴 SIN RASTRO,Deprecar / Implementar de cero,0,,,,"Buscamos construir el funnel de conversión y rastrear los pasos que  tienen mayor caida. Con esto podremos implementar mejoras en esos pasos, aumentando la conversión de usuarios que logran llegar al flujo de cashin 

Buscamos entender el comportamiento de los usuarios en el Flujo de Cash In Pe teniendo como finalidad de negocio aumentar la conversión de este flujo y así aumentar el NNM.","¿Cuál es el porcentaje de usuarios nuevos que entran al KYC?, ¿Cuál es el porcentaje de conversión de clientes por paso del KYC?"
Falcon,KYC,AMP-2-0014,kyc,KYC_ResumeProcess_CL,Resume process,Button,CL,🔴 SIN RASTRO,Deprecar / Implementar de cero,0,,,,"Buscamos construir el funnel de conversión y rastrear los pasos que  tienen mayor caida. Con esto podremos implementar mejoras en esos pasos, aumentando la conversión de usuarios que logran llegar al flujo de cashin 

Buscamos entender el comportamiento de los usuarios en el Flujo de Cash In Pe teniendo como finalidad de negocio aumentar la conversión de este flujo y así aumentar el NNM.","¿Qué porcentaje de usuarios retoman el flujo de KYC? , ¿Cuál es el porcentaje de conversión de clientes por paso del KYC?"
Falcon,KYC,AMP-2-0015,kyc,KYC_SecurityQuestions_CL,Security Questions,action_button,CL,🔴 SIN RASTRO,Deprecar / Implementar de cero,0,,,,Buscamos entender el comportamiento de los usuarios en el Flujo de Cash In Pe teniendo como finalidad de negocio aumentar la conversión de este flujo y así aumentar el NNM.,¿Cuál es el porcentaje de conversión de clientes por paso del KYC?
Falcon,KYC,AMP-2-0016,kyc,KYC_IdentityValidationPersonalDataAndIDInformation_CL,Identity Validation,Button,CL,🔴 SIN RASTRO,Deprecar / Implementar de cero,0,,,,Buscamos entender el comportamiento de los usuarios en el Flujo de Cash In Pe teniendo como finalidad de negocio aumentar la conversión de este flujo y así aumentar el NNM.,¿Cuál es el porcentaje de conversión de clientes por paso del KYC?
Falcon,KYC,AMP-2-0017,kyc,KYC_ResidenceInformation_CL,Residence Information,Button,CL,🔴 SIN RASTRO,Deprecar / Implementar de cero,0,,,,Buscamos entender el comportamiento de los usuarios en el Flujo de Cash In Pe teniendo como finalidad de negocio aumentar la conversión de este flujo y así aumentar el NNM.,¿Cuál es el porcentaje de conversión de clientes por paso del KYC?
Falcon,KYC,AMP-2-0018,kyc,KYC_FinancialInformation_CL,Working Information,Button,CL,🔴 SIN RASTRO,Deprecar / Implementar de cero,0,,,,"Buscamos construir el funnel de conversión y rastrear los pasos que  tienen mayor caida. Con esto podremos implementar mejoras en esos pasos, aumentando la conversión de usuarios que logran llegar al flujo de cashin ",¿Qué porcentaje de usuarios completa el módulo de información laboral?
Falcon,KYC,AMP-2-0019,kyc,KYC_FinancialInformation_CL,Financial Information,Button,CL,🔴 SIN RASTRO,Deprecar / Implementar de cero,0,,,,Buscamos entender el comportamiento de los usuarios en el Flujo de Cash In Pe teniendo como finalidad de negocio aumentar la conversión de este flujo y así aumentar el NNM.,¿Cuál es el porcentaje de conversión de clientes por paso del KYC?
Falcon,KYC,AMP-2-0020 *,kyc,KYC_PEPNoInvestment_STKCL,PEP No Investment,Button,CL,🔴 SIN RASTRO,Deprecar / Implementar de cero,0,,,,Buscamos entender el comportamiento de los usuarios en el Flujo de Cash In Pe teniendo como finalidad de negocio aumentar la conversión de este flujo y así aumentar el NNM.,¿Cuál es el porcentaje de conversión de clientes por paso del KYC?
Falcon,KYC,AMP-2-0021,kyc,KYC_SuccessVinculation_CL,Success Vinculation,Button,CL,🔴 SIN RASTRO,Deprecar / Implementar de cero,0,,,,Buscamos entender el comportamiento de los usuarios en el Flujo de Cash In Pe teniendo como finalidad de negocio aumentar la conversión de este flujo y así aumentar el NNM.,¿Cuál es el porcentaje de conversión de clientes por paso del KYC?
Falcon,KYC,"AMP-12-0009
",kyc,KYC_IdentityVinculationInstructions_STKCO,KYC_Start,action_button,CO,🟢 VIVO (Exacto),Mantener,20979,Fila 145,Fila 390,packages/features/generic/kyc/module/lib/core/attribution/events.dart,"Buscamos construir el funnel de conversión y rastrear los pasos que  tienen mayor caida. Con esto podremos implementar mejoras en esos pasos, aumentando la conversión de usuarios que logran llegar al flujo de cashin ",¿Qué porcentaje de usuarios retoman el flujo de KYC? 
Falcon,KYC,"AMP-12-0010
",kyc,KYC_ResumeProcess_CO,KYC_Restart,action_button,CO,🔴 SIN RASTRO,Deprecar / Implementar de cero,0,,,,"Buscamos construir el funnel de conversión y rastrear los pasos que  tienen mayor caida. Con esto podremos implementar mejoras en esos pasos, aumentando la conversión de usuarios que logran llegar al flujo de cashin ",¿Qué porcentaje de usuarios retoman el flujo de KYC? 
Falcon,KYC,AMP-12-0011,kyc,KYC_SecurityQuestions_CO,KYC_Security_Questions_Success,action_button,CO,🔴 SIN RASTRO,Deprecar / Implementar de cero,0,,,,"Buscamos construir el funnel de conversión y rastrear los pasos que  tienen mayor caida. Con esto podremos implementar mejoras en esos pasos, aumentando la conversión de usuarios que logran llegar al flujo de cashin ",¿Qué porcentaje de usuarios completa de forma válida las preguntas de seguridad?
Falcon,KYC,AMP-12-0012,kyc,KYC_IdentityValidationPersonalDataAndIDInformation_CO,KYC_Personal_Information_Completed,action_button,CO,🔴 SIN RASTRO,Deprecar / Implementar de cero,0,,,,"Buscamos construir el funnel de conversión y rastrear los pasos que  tienen mayor caida. Con esto podremos implementar mejoras en esos pasos, aumentando la conversión de usuarios que logran llegar al flujo de cashin ",¿Qué porcentaje de usuarios completa el módulo de datos personales?
Falcon,KYC,AMP-12-0013,kyc,KYC_ResidenceInformation_CO,KYC_Residence_Information_Completed,action_button,CO,🔴 SIN RASTRO,Deprecar / Implementar de cero,0,,,,"Buscamos construir el funnel de conversión y rastrear los pasos que  tienen mayor caida. Con esto podremos implementar mejoras en esos pasos, aumentando la conversión de usuarios que logran llegar al flujo de cashin ",¿Qué porcentaje de usuarios completa el módulo de lugar de residencia?
Falcon,KYC,AMP-12-0014,kyc,KYC_WorkingInformation_CO,KYC_Working_Information_Completed,action_button,CO,🔴 SIN RASTRO,Deprecar / Implementar de cero,0,,,,"Buscamos construir el funnel de conversión y rastrear los pasos que  tienen mayor caida. Con esto podremos implementar mejoras en esos pasos, aumentando la conversión de usuarios que logran llegar al flujo de cashin ",¿Qué porcentaje de usuarios completa el módulo de información laboral?
Falcon,KYC,AMP-12-0015,kyc,KYC_FinancialInformation_CO,KYC_Financial_Information_Completed,action_button,CO,🔴 SIN RASTRO,Deprecar / Implementar de cero,0,,,,"Buscamos construir el funnel de conversión y rastrear los pasos que  tienen mayor caida. Con esto podremos implementar mejoras en esos pasos, aumentando la conversión de usuarios que logran llegar al flujo de cashin ",¿Qué porcentaje de usuarios completa el módulo de información financiera?
Falcon,RVI,AMP-13-0001,cash_in,Cashin_PendingResult_STKPE,Cash_In_Completed,action_button_clicked,PE,🟢 VIVO (Exacto) (ℹ️ 1:N Programático),Mantener,6792,Fila 225,Fila 232,packages/features/generic/cash_in/module/lib/core/attribution/events.dart,Buscamos entender el comportamiento de los usuarios en el Flujo de Cash In Pe teniendo como finalidad de negocio aumentar la conversión de este flujo y así aumentar el NNM.,¿Cuál es el porcentaje de conversión de clientes por paso en Cash in?
Falcon,RVI,AMP-13-0002,cash_in,CashIn_CrashTransaction_STKCO,Cash_In_Start_Ord,action_button_clicked,CO,🔴 SIN RASTRO,Deprecar / Implementar de cero,0,,,,Buscamos entender el comportamiento de los usuarios en el Flujo de Cash In Pe teniendo como finalidad de negocio aumentar la conversión de este flujo y así aumentar el NNM.,¿Cuál es el porcentaje de usuarios que intentan realizar nuevamente un cash-in después de percatarse que la transacción es inválida o fallida?
Falcon,RVI,AMP-13-0003,cash_in,CashIn_CrashTransaction_STKCO,Cash_In_Start_Port,action_button_clicked,CO,🔴 SIN RASTRO,Deprecar / Implementar de cero,0,,,,Buscamos entender el comportamiento de los usuarios en el Flujo de Cash In Pe teniendo como finalidad de negocio aumentar la conversión de este flujo y así aumentar el NNM.,¿Cuál es el porcentaje de usuarios que desisten de realizar nuevamente un cash-in después de percatarse que la transacción es inválida o fallida? 
Falcon,RVI,AMP-13-0004,cash_in,Modal_NavigationBar_STK,Cash_In_Start_Nav,action_button_clicked,"PE,CO",🔴 SIN RASTRO,Deprecar / Implementar de cero,0,,,,"Comprender en profundidad cómo los usuarios interactúan con las diversas funcionalidades dentro de la sección de su portafolio. Esto incluye identificar las funciones más y menos utilizadas, los patrones de navegación, los flujos de trabajo comunes y los puntos de fricción. El análisis resultante informará decisiones de diseño y desarrollo para mejorar la usabilidad, la relevancia de las funcionalidades y la satisfacción general del usuario con la gestión de su portafolio.",¿Cuál es el punto de acceso dentro de la plataforma que registra el mayor porcentaje de usuarios que inician el proceso de Cash in?
Falcon,RVI,AMP-13-0005,cash_in,Movements_Orders_STK,Cash_In_Start_Move,action_button_clicked,PE,🔴 SIN RASTRO,Deprecar / Implementar de cero,0,,,,Buscamos entender el comportamiento de los usuarios en el Flujo de Cash In Pe teniendo como finalidad de negocio aumentar la conversión de este flujo y así aumentar el NNM.,"¿Desde qué punto accede la mayor porcentaje de usuarios al Flujo de Cash in?, Metric of interest: Conversion, Retention, etc."
Falcon,RVI,AMP-13-0006,cash_out,Portfolio_STK,Cash_Out_Start_Nav,action_button,PE,🟢 VIVO (Exacto),Mantener,16277,Fila 168,Fila 328,packages/features/generic/dashboard/module/lib/core/attribution/events.dart,Buscamos entender el comportamiento de los usuarios en el Flujo de Cash out teniendo como finalidad de negocio aumentar la conversión de este flujo .,¿Desde qué punto accede el mayor porcentaje de usuarios al Flujo de Cash out?
Falcon,RVI,AMP-13-0007,Movements,Movements_Orders_STK,Cash_Out_Start_Move,action_button,PE,🔴 SIN RASTRO,Deprecar / Implementar de cero,0,,,,Buscamos entender el comportamiento de los usuarios en el Flujo de Cash out teniendo como finalidad de negocio aumentar la conversión de este flujo .,¿Desde qué punto accede el mayor porcentaje de usuarios al Flujo de Cash out?
Falcon,RVI,AMP-13-0008,cash_out,CashOut_Crash_STKPE,Cash_Out_Re_Start,action_button,PE,🟢 VIVO (Exacto),Mantener,8,Fila 461,Fila 297,packages/features/generic/cash_out/module/lib/core/attribution/events.dart,Buscamos entender el comportamiento de los usuarios en el Flujo de Cash out teniendo como finalidad de negocio aumentar la conversión de este flujo .,¿Desde qué punto accede el mayor porcentaje de usuarios al Flujo de Cash out?
Falcon,KYC,AMP-13-0009,kyc,KYC_IdentityVinculationInstructions_STKPE,KYC_Start,action_button_clicked,PE,🟢 VIVO (Exacto) (ℹ️ 1:N Programático),Mantener,58830,Fila 73,Fila 390,packages/features/generic/kyc/module/lib/core/attribution/events.dart,"Buscamos construir el funnel de conversión y rastrear los pasos que  tienen mayor caida. Con esto podremos implementar mejoras en esos pasos, aumentando la conversión de usuarios que logran llegar al flujo de cashin ",¿Qué porcentaje de usuarios inicia el flujo de vinculación?
Falcon,KYC,AMP-13-0010,kyc,KYC_ResumeProcess_PE,KYC_Restart,action_button,PE,🔴 SIN RASTRO,Deprecar / Implementar de cero,0,,,,"Buscamos construir el funnel de conversión y rastrear los pasos que  tienen mayor caida. Con esto podremos implementar mejoras en esos pasos, aumentando la conversión de usuarios que logran llegar al flujo de cashin ",¿Qué porcentaje de usuarios retoman el flujo de KYC? 
Falcon,KYC,AMP-13-0011,kyc,CompleteBonding_FinanceQ3_PE,KYC_Security_Questions_Success,action_button,PE,🔴 SIN RASTRO,Deprecar / Implementar de cero,0,,,,,¿Qué porcentaje de usuarios de forma válida las preguntas de seguridad?
Falcon,KYC,AMP-13-0012,kyc,KYC_IdentityValidationPersonalData_PE,KYC_Personal_Information_PEmpleted,action_button,PE,🔴 SIN RASTRO,Deprecar / Implementar de cero,0,,,,"Buscamos construir el funnel de conversión y rastrear los pasos que  tienen mayor caida. Con esto podremos implementar mejoras en esos pasos, aumentando la conversión de usuarios que logran llegar al flujo de cashin ",¿Qué porcentaje de usuarios completa el módulo de datos personales?
Falcon,KYC,AMP-13-0013,kyc,KYC_ResidenceInformation_PE,KYC_Residence_Information_PEmpleted,action_button,PE,🔴 SIN RASTRO,Deprecar / Implementar de cero,0,,,,"Buscamos construir el funnel de conversión y rastrear los pasos que  tienen mayor caida. Con esto podremos implementar mejoras en esos pasos, aumentando la conversión de usuarios que logran llegar al flujo de cashin ",¿Qué porcentaje de usuarios completa el módulo de lugar de residencia?
Falcon,KYC,AMP-13-0014,kyc,KYC_WorkingInformation_PE,KYC_Working_Information_PEmpleted,action_button,PE,🔴 SIN RASTRO,Deprecar / Implementar de cero,0,,,,"Buscamos construir el funnel de conversión y rastrear los pasos que  tienen mayor caida. Con esto podremos implementar mejoras en esos pasos, aumentando la conversión de usuarios que logran llegar al flujo de cashin ",¿Qué porcentaje de usuarios completa el módulo de información laboral?
Falcon,KYC,AMP-13-0015,kyc,KYC_FinancialInformation_PE,KYC_Financial_Information_PEmpleted,action_button,PE,🔴 SIN RASTRO,Deprecar / Implementar de cero,0,,,,"Buscamos construir el funnel de conversión y rastrear los pasos que  tienen mayor caida. Con esto podremos implementar mejoras en esos pasos, aumentando la conversión de usuarios que logran llegar al flujo de cashin ",¿Qué porcentaje de usuarios completa el módulo de información financiera?
Falcon,KYC,AMP-13-0016,kyc,KYC_Certify_PE,KYC_Certifications_PEmpleted,action_button,PE,🔴 SIN RASTRO,Deprecar / Implementar de cero,0,,,,"Buscamos construir el funnel de conversión y rastrear los pasos que  tienen mayor caida. Con esto podremos implementar mejoras en esos pasos, aumentando la conversión de usuarios que logran llegar al flujo de cashin ",¿Qué porcentaje de usuarios valida las certificaciones?
Falcon,KYC,AMP-13-0017,kyc,KYC_SuccessVinculation_STKPE,KYC_PE_completed,screen,PE,"🟠 DISPARA, NO ESTÁ EN CÓDIGO",Revisar naming en código FE,29534,Fila 127,,,"Buscamos construir el funnel de conversión y rastrear los pasos que  tienen mayor caida. Con esto podremos implementar mejoras en esos pasos, aumentando la conversión de usuarios que logran llegar al flujo de cashin ",¿Qué porcentaje de usuarios se vincula satisfactoriamente para el producto de acciones?
Falcon,RVI,AMP-13-0020,cash_out,CashOut_SupportView_STK,Cash_Out_Maintenance,screen,PE,🟢 VIVO (Exacto),Mantener,149,Fila 394,Fila 298,packages/features/generic/cash_out/module/lib/core/attribution/events.dart,Buscamos entender el comportamiento de los usuarios en el Flujo de Cash In Pe teniendo como finalidad de negocio aumentar la conversión de este flujo y así aumentar el NNM.,¿Cuál es el porcentaje de visualización de pantallas o mensajes de error dentro del flujo de Cash Out?
Falcon,RVI,AMP-13-0021,cash_out,CashOut_NoMoneyError_STK,Cash_Out_No_Funds,screen,PE,🟢 VIVO (Exacto),Mantener,16745,Fila 167,Fila 299,packages/features/generic/cash_out/module/lib/core/attribution/events.dart,Buscamos entender el comportamiento de los usuarios en el Flujo de Cash In Pe teniendo como finalidad de negocio aumentar la conversión de este flujo y así aumentar el NNM.,¿Cuál es el porcentaje de visualización de pantallas o mensajes de error dentro del flujo de Cash Out?
Falcon,RVI,AMP-13-0022,cash_out,CashOut_Crash_STKPE,Cash_Out_Trans_Error,screen,PE,"🟠 EN CÓDIGO, NO DISPARA",Revisar trigger en código,0,,Fila 296,packages/features/generic/cash_out/module/lib/core/attribution/events.dart,Buscamos entender el comportamiento de los usuarios en el Flujo de Cash In Pe teniendo como finalidad de negocio aumentar la conversión de este flujo y así aumentar el NNM.,¿Cuál es el porcentaje de visualización de pantallas o mensajes de error dentro del flujo de Cash Out?
Falcon,RVI,AMP-13-0025,cash_out,CashOut_Walkthrough_STKPE,Cash_Out_Jump_Walk,action_button,PE,🟢 VIVO (Exacto),Mantener,2197,Fila 299,Fila 300,packages/features/generic/cash_out/module/lib/core/attribution/events.dart,Buscamos entender el comportamiento de los usuarios en el Flujo de Cash In Pe teniendo como finalidad de negocio aumentar la conversión de este flujo y así aumentar el NNM.,¿Cuál es el porcentaje de adopción y visualización de las ayudas dentro del flujo de Cash Out?
Falcon,RVI,AMP-13-0027,,,,,,⚫ VACÍO / SIN DATOS,Completar Documentación,0,,,,,
Falcon,RVI,AMP-13-0028,cash_out,CashOut_AccountRegister_STKPE,Cash_Out_Bank_Register_Screen,screen,PE,🟢 VIVO (Exacto),Mantener,5099,Fila 245,Fila 304,packages/features/generic/cash_out/module/lib/core/attribution/events.dart,Buscamos entender el comportamiento de los usuarios en el Flujo de Cash out teniendo como finalidad de negocio aumentar la conversión de este flujo .,¿Cuál es el porcentaje de abandono del Cash Out por no tener cuenta validada?
Falcon,RVI,AMP-13-0029,cash_out,CashOut_AccountRegister_STKPE,Cash_Out_Bank_Register,action_button,PE,🟢 VIVO (Exacto),Mantener,4130,Fila 252,Fila 305,packages/features/generic/cash_out/module/lib/core/attribution/events.dart,Buscamos entender el comportamiento de los usuarios en el Flujo de Cash out teniendo como finalidad de negocio aumentar la conversión de este flujo .,"¿Cuál es la tasa de conversión de usuarios que, al interactuar con nuestro producto de acciones internacionales, deciden registrar una cuenta nueva?"
Falcon,RVI,AMP-13-0030,cash_out,CashOut_Main_STKPE,Cash_Out_Main_Screen,screen,PE,"🟠 DISPARA, NO ESTÁ EN CÓDIGO",Revisar naming en código FE,7073,Fila 220,Fila 303,packages/features/generic/cash_out/module/lib/core/attribution/events.dart,Buscamos entender el comportamiento de los usuarios en el Flujo de Cash In Pe teniendo como finalidad de negocio aumentar la conversión de este flujo y así aumentar el NNM.,¿Cual es el porcentaje de conversión de clientes por pantalla en el flujo de Cash out?
Falcon,RVI,AMP-13-0031,cash_out,CashOut_Main_STKPE,Cash_Out_Input,action_button,PE,"🟠 DISPARA, NO ESTÁ EN CÓDIGO",Revisar naming en código FE,59334,Fila 70,Fila 301,packages/features/generic/cash_out/module/lib/core/attribution/events.dart,Buscamos entender el comportamiento de los usuarios en el Flujo de Cash In Pe teniendo como finalidad de negocio aumentar la conversión de este flujo y así aumentar el NNM.,¿Cual es el porcentaje de conversión de clientes por pantalla en el flujo de Cash out?
Falcon,RVI,AMP-13-0032,cash_out,CashOut_Main_STKPE,Cash_Out_Select_Acc,action_button,PE,"🟠 DISPARA, NO ESTÁ EN CÓDIGO",Revisar naming en código FE,32,Fila 437,Fila 302,packages/features/generic/cash_out/module/lib/core/attribution/events.dart,Buscamos entender el comportamiento de los usuarios en el Flujo de Cash out teniendo como finalidad de negocio aumentar la conversión de este flujo .,¿Qué porcentaje de usuarios tienen una cuenta predeterminada y simplemente hacen clic versus los que navegan para seleccionar una cuenta diferente? 
Falcon,RVI,AMP-13-0033,cash_out,CashOut_ModalSelectBankAccount_STKPE,Cash_Out_Select_Bank,action_button,PE,🟢 VIVO (Exacto),Mantener,1342,Fila 321,Fila 306,packages/features/generic/cash_out/module/lib/core/attribution/events.dart,Buscamos entender el comportamiento de los usuarios en el Flujo de Cash out teniendo como finalidad de negocio aumentar la conversión de este flujo .,¿Existe una correlación entre la cantidad de cuentas que un usuario tiene y la frecuencia o el volumen de sus transacciones en acciones internacionales?
Falcon,RVI,AMP-13-0034,,,,,,⚫ VACÍO / SIN DATOS,Completar Documentación,0,,,,,
Falcon,RVI,AMP-13-0035,,,,,,⚫ VACÍO / SIN DATOS,Completar Documentación,0,,,,,
Falcon,RVI,AMP-13-0036,,,,,,⚫ VACÍO / SIN DATOS,Completar Documentación,0,,,,,
Falcon,RVI,AMP-13-0037,cash_out,CashOut_PendingResults_STKPE,Cash_Out_Completed,screen,PE CO,🟢 VIVO (Exacto),Mantener,3564,Fila 269,Fila 310,packages/features/generic/cash_out/module/lib/core/attribution/events.dart,Buscamos entender el comportamiento de los usuarios en el Flujo de Cash out teniendo como finalidad de negocio aumentar la conversión de este flujo .,¿Cuál es el tiempo promedio que gastan los usuarios durante el Cash out?
Falcon,RVI,AMP-13-0038,cash_in,CashIn_PendingTransaction_STKPE,Cash_In_Pending_Transaction,screen,PE,🟢 VIVO (Exacto),Mantener,20539,Fila 205,Fila 233,packages/features/generic/cash_in/module/lib/core/attribution/events.dart,Buscamos entender el comportamiento de los usuarios en el Flujo de Cash In Pe teniendo como finalidad de negocio aumentar la conversión de este flujo y así aumentar el NNM.,¿Cuál es el porcentaje de retoma de transacciones pendientes de Cash In?
Falcon,RVI,AMP-13-0039,cash_in,CashIn_PendingTransaction_STKPE,Cash_In_New_Transfer,action_button_clicked,PE,🔴 SIN RASTRO,Deprecar / Implementar de cero,0,,,,Buscamos entender el comportamiento de los usuarios en el Flujo de Cash In Pe teniendo como finalidad de negocio aumentar la conversión de este flujo y así aumentar el NNM.,¿Cuál es el porcentaje de retoma de transacciones pendientes de Cash In?
Falcon,RVI,AMP-13-0040,cash_in,CashIn_PendingTransaction_STKPE,Cash_In_Reprise,action_button_clicked,PE,🔴 SIN RASTRO,Deprecar / Implementar de cero,0,,,,Buscamos entender el comportamiento de los usuarios en el Flujo de Cash In Pe teniendo como finalidad de negocio aumentar la conversión de este flujo y así aumentar el NNM.,¿Cuál es el porcentaje de retoma de transacciones pendientes de Cash In?
Falcon,RVI,AMP-13-0041,cash_in,CashIn_CashAmount_STKPE,Cash_In_Load,action_button_clicked,PE,🔴 SIN RASTRO,Deprecar / Implementar de cero,0,,,,Buscamos entender el comportamiento de los usuarios en el Flujo de Cash In Pe teniendo como finalidad de negocio aumentar la conversión de este flujo y así aumentar el NNM.,¿Qué porcentaje de usuarios ingresa un monto y luego continúa con el servicio de Cash In?
Falcon,RVI,AMP-13-0042,,,,,,⚫ VACÍO / SIN DATOS,Completar Documentación,0,,,,,
Falcon,RVI,AMP-13-0043,cash_in,CashIn_WebviewMonnet_STKPE,Cash_In_Monnet,action_button_clicked,PE,🔴 SIN RASTRO,Deprecar / Implementar de cero,0,,,,Buscamos entender el comportamiento de los usuarios en el Flujo de Cash In Pe teniendo como finalidad de negocio aumentar la conversión de este flujo y así aumentar el NNM.,¿Qué porcentaje de usuarios sigue adelante con un cash in en la web view de Monnet?
Falcon,RVI,AMP-13-0044*,cash_in,Cashin_PendingConfirmation_STKPE,Cash_In_Code,Screen,PE,🔴 SIN RASTRO,Deprecar / Implementar de cero,0,,,,Buscamos entender el comportamiento de los usuarios en el Flujo de Cash In Pe teniendo como finalidad de negocio aumentar la conversión de este flujo y así aumentar el NNM.,¿Cuál es el porcentaje de conversión de usuarios que llega a la pantalla de carga de dinero pendiente?
Falcon,RVI,AMP-13-0045,,,,,,⚫ VACÍO / SIN DATOS,Completar Documentación,0,,,,,
Falcon,RVI,AMP-13-0046,cash_in,CashIn_SupportView_STKINT,Cash_In_Support,action_button_clicked,PE,🔴 SIN RASTRO,Deprecar / Implementar de cero,0,,,,Buscamos entender el comportamiento de los usuarios en el Flujo de Cash In Pe teniendo como finalidad de negocio aumentar la conversión de este flujo y así aumentar el NNM.,¿Cuál es el porcentaje de visualización de pantallas o mensajes de error dentro del flujo de Cash In?
Falcon,KYC,AMP-13-0047,kyc,KYC_PEPNoInvestment_STKPE,,action_button,PE,🔴 SIN RASTRO,Deprecar / Implementar de cero,0,,,,"Buscamos construir el funnel de conversión y rastrear los pasos que  tienen mayor caida. Con esto podremos implementar mejoras en esos pasos, aumentando la conversión de usuarios que logran llegar al flujo de cashin ",¿Cuál es el porcentaje de usuarios que experimenta bloqueos en el flujo de KYC?
Falcon,RVI,AMP-13-0005,cash_in,Movements_Orders_STK,Cash_In_Start_Move,action_button_clicked,PE,🔴 SIN RASTRO,Deprecar / Implementar de cero,0,,,,Buscamos entender el comportamiento de los usuarios en el Flujo de Cash In Pe teniendo como finalidad de negocio aumentar la conversión de este flujo y así aumentar el NNM.,"¿Desde qué punto accede la mayor porcentaje de usuarios al Flujo de Cash in?, Metric of interest: Conversion, Retention, etc."
Falcon,RVI,AMP-13-0048,,,,,,⚫ VACÍO / SIN DATOS,Completar Documentación,0,,,,,
Falcon,KYC,AMP-13-0050,,,,,,⚫ VACÍO / SIN DATOS,Completar Documentación,0,,,,,
Falcon,KYC,AMP-13-0051,kyc,KYC_ConfirmationAnswerPEP_STKPE,,action_button,PE,🔴 SIN RASTRO,Deprecar / Implementar de cero,0,,,,"Buscamos construir el funnel de conversión y rastrear los pasos que  tienen mayor caida. Con esto podremos implementar mejoras en esos pasos, aumentando la conversión de usuarios que logran llegar al flujo de cashin ",¿Cuál es el porcentaje de usuarios que experimenta bloqueos en el flujo de KYC?
Falcon,RVI,AMP-13-0056,purchase_order,PurchaseOrder_OrderType_STK,,icon_button,"PE, CO",🔴 SIN RASTRO,Deprecar / Implementar de cero,0,Fila 325,Fila 25,packages/features/core/market_cap/module/lib/core/attribution/events.dart,Buscamos entender el comportamiento de los usuarios en el Flujo de Cash In Pe teniendo como finalidad de negocio aumentar la conversión de este flujo y así aumentar el NNM.,¿Cuál es el porcentaje de adopción y visualización de las ayudas dentro del flujo de Ordenes de compra?
Falcon,RVI,AMP-13-0057,purchase_order,PurchaseOrder_OrderType_STK,,action_button,"PE, CO",🔴 SIN RASTRO,Deprecar / Implementar de cero,0,Fila 18,Fila 27,packages/features/core/market_cap/module/lib/core/attribution/events.dart,Queremos conocer el funnel de conversión en el flujo de ordenes de compra para identificar habitos de inversión ya sea por tipo de activo o tipo de orden y mapear en que punto del flujo el usuario abandona.,¿Cuál es el tipo de orden de compra seleccionado por los usuarios?
Falcon,RVI,AMP-13-0058,purchase_order,PurchaseOrder_OrderType_STK,,action_button,"PE,CO",🔴 SIN RASTRO,Deprecar / Implementar de cero,0,Fila 18,Fila 27,packages/features/core/market_cap/module/lib/core/attribution/events.dart,Queremos conocer el funnel de conversión en el flujo de ordenes de compra para identificar habitos de inversión ya sea por tipo de activo o tipo de orden y mapear en que punto del flujo el usuario abandona.,¿Cuál es el tipo de orden de compra seleccionado por los usuarios?
Falcon,RVI,AMP-13-0059,,,,,,⚫ VACÍO / SIN DATOS,Completar Documentación,0,,,,,
Falcon,RVI,AMP-13-0060,purchase_order,PurchaseOrder_AddAmountOrder_STK,,action_button,"PE, CO",🔴 SIN RASTRO,Deprecar / Implementar de cero,0,Fila 35,Fila 32,packages/features/core/market_cap/module/lib/core/attribution/events.dart,Queremos conocer el funnel de conversión en el flujo de ordenes de compra para identificar habitos de inversión ya sea por tipo de activo o tipo de orden y mapear en que punto del flujo el usuario abandona.,¿Cuál es la opción de cantidad seleccionada por el usuario para la compra de un activo?
Falcon,RVI,AMP-13-0061,purchase_order,PurchaseOrder_ConfirmationCloseMarketModal_STK,,action_button,"PE, CO",🔴 SIN RASTRO,Deprecar / Implementar de cero,0,Fila 130,Fila 34,packages/features/core/market_cap/module/lib/core/attribution/events.dart,Queremos conocer el funnel de conversión en el flujo de ordenes de compra para identificar habitos de inversión ya sea por tipo de activo o tipo de orden y mapear en que punto del flujo el usuario abandona.,¿Cuál es el porcentaje de abandono de una orden de compra por mensajes de confirmación?
Falcon,RVI,AMP-13-0062,purchase_order,PurchaseOrder_ResumeOrderModal_STK,,action_button,"PE, CO",🔴 SIN RASTRO,Deprecar / Implementar de cero,0,Fila 17,Fila 36,packages/features/core/market_cap/module/lib/core/attribution/events.dart,Buscamos entender el comportamiento de los usuarios en el Flujo de Cash In Pe teniendo como finalidad de negocio aumentar la conversión de este flujo y así aumentar el NNM.,¿Cual es el porcentaje de conversión de clientes por pantalla en el flujo de Ordenes de compra?
Falcon,RVI,AMP-13-0063,purchase_order,PurchaseOrder_PendingRunOrder_STK,Purchase_Order_Completed,screen,PE. CO,🔴 SIN RASTRO,Deprecar / Implementar de cero,0,,,,Buscamos entender el comportamiento de los usuarios en el Flujo de Cash In Pe teniendo como finalidad de negocio aumentar la conversión de este flujo y así aumentar el NNM.,¿Cual es el porcentaje de conversión de clientes por pantalla en el flujo de Ordenes de compra?
Falcon,RVI,AMP-13-0064,purchase_order,PurchaseOrder_SetUpLimitOrder_STK,,acction_button,"PE,CO",🔴 SIN RASTRO,Deprecar / Implementar de cero,0,,,,Buscamos entender el comportamiento de los usuarios en el Flujo de Cash In Pe teniendo como finalidad de negocio aumentar la conversión de este flujo y así aumentar el NNM.,¿Cuál es el porcentaje de adopción y visualización de las ayudas dentro del flujo de Ordenes de compra?
Falcon,RVI,AMP-13-0065,,,,,,⚫ VACÍO / SIN DATOS,Completar Documentación,0,,,,,
Falcon,RVI,AMP-13-0066,purchase_order,PurchaseOrder_NoCreditModal_STK,Purchase_Order_Whitout_Funds,action_button,"PE, CO",🔴 SIN RASTRO,Deprecar / Implementar de cero,0,,,,"Comprender en profundidad cómo los usuarios interactúan con las diversas funcionalidades dentro de la sección de su portafolio. Esto incluye identificar las funciones más y menos utilizadas, los patrones de navegación, los flujos de trabajo comunes y los puntos de fricción. El análisis resultante informará decisiones de diseño y desarrollo para mejorar la usabilidad, la relevancia de las funcionalidades y la satisfacción general del usuario con la gestión de su portafolio.",¿Cuál es el punto de acceso dentro de la plataforma que registra el mayor porcentaje de usuarios que inician el proceso de Cash in?
Falcon,RVI,AMP-13-0067,,,,,,⚫ VACÍO / SIN DATOS,Completar Documentación,0,,,,,
Falcon,RVI,AMP-13-0068,purchase_order,PurchaseOrder_CrashTransactionError_STK,,action_button,"PE, CO",🔴 SIN RASTRO,Deprecar / Implementar de cero,0,Fila 463,Fila 40,packages/features/core/market_cap/module/lib/core/attribution/events.dart,Buscamos entender el comportamiento de los usuarios en el Flujo de Cash In Pe teniendo como finalidad de negocio aumentar la conversión de este flujo y así aumentar el NNM.,¿Cuál es el porcentaje de visualización de pantallas o mensajes de error dentro del flujo de Ordenes de compra?
Falcon,RVI,AMP-13-0069,sell_order,SellOrder_OrderType_STK,SellOrder_Type_Help,action_button,PE CO CHI,🟢 VIVO (Exacto),Mantener,267,Fila 374,Fila 26,packages/features/core/market_cap/module/lib/core/attribution/events.dart,Buscamos entender el comportamiento de los usuarios en el Flujo de Cash In Pe teniendo como finalidad de negocio aumentar la conversión de este flujo y así aumentar el NNM.,¿Cuál es el porcentaje de adopción y visualización de las ayudas dentro del flujo de Ordenes de venta?
Falcon,RVI,AMP-13-0070,sell_order,SellOrder_OrderType_STK,SellOrder_Type_Selected,card,PE CO CHI,🟢 VIVO (Exacto),Mantener,179114,Fila 28,Fila 28,packages/features/core/market_cap/module/lib/core/attribution/events.dart,"Buscamos mapear el flujo de interacción de un usuario en la venta de sus activos y rastrear los puntos de bloqueo que tienen. Con estos datos podremos implementar mejoras en la experiencia, aumentando la conversión de transacciones de trade. ",¿Cuál es el tipo de orden de venta seleccionado por los usuarios?
Falcon,RVI,AMP-13-0071,sell_order,SellOrder_OrderType_STK,SellOrder_Type_Selected,card,PE CO CHI,🟢 VIVO (Exacto) (⚠️ Colisión),Mantener,179114,Fila 28,Fila 28,packages/features/core/market_cap/module/lib/core/attribution/events.dart,"Buscamos mapear el flujo de interacción de un usuario en la venta de sus activos y rastrear los puntos de bloqueo que tienen. Con estos datos podremos implementar mejoras en la experiencia, aumentando la conversión de transacciones de trade. ",¿Cuál es el tipo de orden de venta seleccionado por los usuarios?
Falcon,RVI,AMP-13-0072,,,,,,⚫ VACÍO / SIN DATOS,Completar Documentación,0,,,,,
Falcon,RVI,AMP-13-0073,sell_order,SellOrder_SellAll_STK,SellAll_Selected,radio_button,PE CO CHI,🟢 VIVO (Exacto),Mantener,78779,Fila 54,Fila 44,packages/features/core/market_cap/module/lib/core/attribution/events.dart,"Buscamos mapear el flujo de interacción de un usuario en la venta de sus activos y rastrear los puntos de bloqueo que tienen. Con estos datos podremos implementar mejoras en la experiencia, aumentando la conversión de transacciones de trade. ",¿Cuál es la opción de transacción de venta que selecciona un usuario?
Falcon,RVI,AMP-13-0074,sell_order,SellOrder_dolarOption_STK,SellOrder_Switch,switch_icon,PE CO CHI,🟢 VIVO (Exacto),Mantener,63917,Fila 65,Fila 33,packages/features/core/market_cap/module/lib/core/attribution/events.dart,Queremos conocer el funnel de conversión en el flujo de ordenes de compra para identificar habitos de inversión ya sea por tipo de activo o tipo de orden y mapear en que punto del flujo el usuario abandona.,¿Cuál es la opción de cantidad seleccionada por el usuario para la venta de un activo?
Falcon,RVI,AMP-13-0075,sell_order,SellOrder_dolarOption_STK,SellOrder_Continue,action_button,PE CO CHI,🟢 VIVO (Exacto),Mantener,99721,Fila 44,Fila 45,packages/features/core/market_cap/module/lib/core/attribution/events.dart,Buscamos entender el comportamiento de los usuarios en el Flujo de Cash In Pe teniendo como finalidad de negocio aumentar la conversión de este flujo y así aumentar el NNM.,¿Cual es el porcentaje de conversión de clientes por pantalla en el flujo de Ordenes de venta?
Falcon,RVI,AMP-13-0076,sell_order,SellOrder_ResumeConfirmationModal_STK,SellOrder_Units_Help,action_button,PE CO CHI,🟢 VIVO (Exacto),Mantener,8,Fila 464,Fila 46,packages/features/core/market_cap/module/lib/core/attribution/events.dart,Buscamos entender el comportamiento de los usuarios en el Flujo de Cash In Pe teniendo como finalidad de negocio aumentar la conversión de este flujo y así aumentar el NNM.,¿Cuál es el porcentaje de adopción y visualización de las ayudas dentro del flujo de Ordenes de venta?
Falcon,RVI,AMP-13-0077,sell_order,SellOrder_ResumeConfirmationBottomSheet_STK,SellOrder_Commission_Help,action_button,PE CO CHI,🔴 SIN RASTRO,Deprecar / Implementar de cero,0,,,,Buscamos entender el comportamiento de los usuarios en el Flujo de Cash In Pe teniendo como finalidad de negocio aumentar la conversión de este flujo y así aumentar el NNM.,¿Cuál es el porcentaje de adopción y visualización de las ayudas dentro del flujo de Ordenes de venta?
Falcon,RVI,AMP-13-0078,sell_order,SellOrder_ResumeConfirmationBottomSheet_STK,SellOrder_Confirmed,action_button,PE CO CHI,🔴 SIN RASTRO,Deprecar / Implementar de cero,0,,,,Buscamos entender el comportamiento de los usuarios en el Flujo de Cash In Pe teniendo como finalidad de negocio aumentar la conversión de este flujo y así aumentar el NNM.,¿Cual es el porcentaje de conversión de clientes por pantalla en el flujo de Ordenes de venta?
Falcon,RVI,AMP-13-0079,sell_order,SellOrder_TransactionErrorServiceNotAvailable_STK,Sell_Order_Error,Screen,PE CO CHI,🟢 VIVO (Exacto),Mantener,722,Fila 341,Fila 49,packages/features/core/market_cap/module/lib/core/attribution/events.dart,Buscamos entender el comportamiento de los usuarios en el Flujo de Cash In Pe teniendo como finalidad de negocio aumentar la conversión de este flujo y así aumentar el NNM.,¿Cuál es el porcentaje de visualización de pantallas o mensajes de error dentro del flujo de Ordenes de venta?
Falcon,RVI,AMP-13-0080,sell_order,SellOrder_TransactionErrorServiceNotAvailable_STK,SellOrder_Exit,action_button,PE CO CHI,🟢 VIVO (Exacto),Mantener,543,Fila 353,Fila 51,packages/features/core/market_cap/module/lib/core/attribution/events.dart,Buscamos entender el comportamiento de los usuarios en el Flujo de Cash In Pe teniendo como finalidad de negocio aumentar la conversión de este flujo y así aumentar el NNM.,¿Cuál es el porcentaje de visualización de pantallas o mensajes de error dentro del flujo de Ordenes de venta?
Falcon,RVI,AMP-13-0081,sell_order,SellOrder_ConfirmSellModal_STK,SellOrder_SellAll_Modal,screen,PE CO CHI,🟢 VIVO (Exacto),Mantener,57842,Fila 76,Fila 52,packages/features/core/market_cap/module/lib/core/attribution/events.dart,Queremos conocer el funnel de conversión en el flujo de ordenes de compra para identificar habitos de inversión ya sea por tipo de activo o tipo de orden y mapear en que punto del flujo el usuario abandona.,¿Cuál es el porcentaje de abandono de una orden de ventas por mensajes de confirmación?
Falcon,RVI,AMP-13-0082,sell_order,SellOrder_ConfirmSellModal_STK,SellOrder_SellAll_Modal_Confirmed,action_button,PE CO CHI,🟢 VIVO (Exacto),Mantener,55014,Fila 82,Fila 53,packages/features/core/market_cap/module/lib/core/attribution/events.dart,Queremos conocer el funnel de conversión en el flujo de ordenes de compra para identificar habitos de inversión ya sea por tipo de activo o tipo de orden y mapear en que punto del flujo el usuario abandona.,¿Cuál es el porcentaje de abandono de una orden de ventas por mensajes de confirmación?
Falcon,RVI,AMP-13-0083,sell_order,SellOrder_ConfirmationCloseMarketModal_STK,SellOrder_CloseMarketModal,screen,PE CO CHI,🟢 VIVO (Exacto),Mantener,10289,Fila 204,Fila 55,packages/features/core/market_cap/module/lib/core/attribution/events.dart,Queremos conocer el funnel de conversión en el flujo de ordenes de compra para identificar habitos de inversión ya sea por tipo de activo o tipo de orden y mapear en que punto del flujo el usuario abandona.,¿Cuál es el porcentaje de abandono de una orden de ventas por mensajes de confirmación?
Falcon,RVI,AMP-13-0084,sell_order,SellOrder_ConfirmationCloseMarketModal_STK,SellOrder_ConfirmationCloseMarketModal_STK,action_button,PE CO CHI,🟢 VIVO (Exacto),Mantener,9257,Fila 208,Fila 57,packages/features/core/market_cap/module/lib/core/attribution/events.dart,Queremos conocer el funnel de conversión en el flujo de ordenes de compra para identificar habitos de inversión ya sea por tipo de activo o tipo de orden y mapear en que punto del flujo el usuario abandona.,¿Cuál es el porcentaje de abandono de una orden de ventas por mensajes de confirmación?
Falcon,RVI,AMP-13-0085,,,,,,⚫ VACÍO / SIN DATOS,Completar Documentación,0,,,,,
Falcon,RVI,AMP-13-0086,,,,,,⚫ VACÍO / SIN DATOS,Completar Documentación,0,,,,,
Falcon,RVI,AMP-13-0087,sell_order,SellOrder_PendingResult_STK,SellOrder_PendingResult_Portfolio,action_button,PE CO CHI,🟢 VIVO (Exacto),Mantener,114917,Fila 41,Fila 58,packages/features/core/market_cap/module/lib/core/attribution/events.dart,Buscamos entender el comportamiento de los usuarios en el Flujo de Cash In Pe teniendo como finalidad de negocio aumentar la conversión de este flujo y así aumentar el NNM.,¿Cual es el porcentaje de conversión de clientes por pantalla en el flujo de Ordenes de venta?
Falcon,RVI,AMP-13-0088,sell_order,SellOrder_PendingResult_STK,SellOrder_PendingResult_Explore,action_button,PE CO CHI,🟢 VIVO (Exacto),Mantener,4461,Fila 251,Fila 59,packages/features/core/market_cap/module/lib/core/attribution/events.dart,Buscamos entender el comportamiento de los usuarios en el Flujo de Cash In Pe teniendo como finalidad de negocio aumentar la conversión de este flujo y así aumentar el NNM.,¿Cual es el porcentaje de conversión de clientes por pantalla en el flujo de Ordenes de venta?
Falcon,RVI,AMP-13-0089,sell_order,SellOrder_StockLimitOrder_STK,SellOrder_Sell_Button,action_button,PE CO CHI,🟢 VIVO (Exacto),Mantener,38119,Fila 110,Fila 60,packages/features/core/market_cap/module/lib/core/attribution/events.dart,Buscamos entender el comportamiento de los usuarios en el Flujo de Cash In Pe teniendo como finalidad de negocio aumentar la conversión de este flujo y así aumentar el NNM.,¿Cual es el porcentaje de conversión de clientes por pantalla en el flujo de Ordenes de venta?
Falcon,RVI,AMP-13-0090,sell_order,SellOrder_IncompleteUnitsModal_STK,SellOrder_Continue_Button,action_button,PE CO CHI,🟢 VIVO (Exacto),Mantener,25099,Fila 134,Fila 61,packages/features/core/market_cap/module/lib/core/attribution/events.dart,Queremos conocer el funnel de conversión en el flujo de ordenes de compra para identificar habitos de inversión ya sea por tipo de activo o tipo de orden y mapear en que punto del flujo el usuario abandona.,¿Cuál es el porcentaje de abandono de una orden de ventas por mensajes de confirmación?
Falcon,RVI,AMP-13-0091,sell_order,SellOrder_IncompleteUnitsModal_STK,SellOrder_IncompleteUnitsModal,screen,PE CO CHI,🟢 VIVO (Exacto),Mantener,31642,Fila 121,Fila 62,packages/features/core/market_cap/module/lib/core/attribution/events.dart,Queremos conocer el funnel de conversión en el flujo de ordenes de compra para identificar habitos de inversión ya sea por tipo de activo o tipo de orden y mapear en que punto del flujo el usuario abandona.,¿Cuál es el porcentaje de abandono de una orden de ventas por mensajes de confirmación?
Falcon,RVI,AMP-13-0092,Onboarding,Credicorp_View_STK,Credicorp_LLC_screen,screen,CO,"🟠 DISPARA, NO ESTÁ EN CÓDIGO",Revisar naming en código FE,356092,Fila 10,,,Queremos conocer el funnel de conversión donde el usuario experimenta la transición de pasar de una plataforma inicial (Tyba) hacia la plataforma de Credicorp Capital LLC.,Cuál es la tasa de visualización en la pantalla de ingreso para Colombia en la plataforma de Credicorp Capital LLC?
Falcon,RVI,AMP-13-0093,Onboarding,Credicorp_View_STKPE,Onboarding_Accepted,action_button_clicked,"PE, CL","🟠 DISPARA, NO ESTÁ EN CÓDIGO",Revisar naming en código FE,1149305,Fila 7,,,Queremos conocer el funnel de conversión donde el usuario experimenta la transición de pasar de una plataforma inicial (Tyba) hacia la plataforma de Credicorp Capital LLC.,Cuál es la tasa de visualización y consentimiento por parte del usuario al acceder por primera vez a la plataforma de Credicorp Capital LLC?
Falcon,RVI,AMP-13-0094,cash_in,CashIn_OptionsTransaction_STKCO,,action_button_clicked,CO,🔴 SIN RASTRO,Deprecar / Implementar de cero,0,,,,Buscamos entender el comportamiento de los usuarios en el Flujo de Cash In Pe teniendo como finalidad de negocio aumentar la conversión de este flujo y así aumentar el NNM.,¿Cuál es el porcentaje de usuarios que optan realizar un cash in por medio de un asesor que de manera autónoma?
Falcon,RVI,AMP-13-0095,cash_in,CashIn_AddAmount_STKCO,,action_button_clicked,CO,🔴 SIN RASTRO,Deprecar / Implementar de cero,0,,,,Buscamos entender el comportamiento de los usuarios en el Flujo de Cash In Pe teniendo como finalidad de negocio aumentar la conversión de este flujo y así aumentar el NNM.,¿Qué porcentaje de usuarios ingresa un monto y luego continúa con el servicio de Cash In?
Falcon,RVI,AMP-13-0096,cash_in,CashIn_PendingResult_STKCO,,Screen,CO,🔴 SIN RASTRO,Deprecar / Implementar de cero,0,,,,Buscamos entender el comportamiento de los usuarios en el Flujo de Cash In Pe teniendo como finalidad de negocio aumentar la conversión de este flujo y así aumentar el NNM.,¿Cuál es la tasa de éxito de confirmación de cash in en la app?
Falcon,RVI,AMP-13-0098,cash_in,CashIn_SummaryTransaction_STKCO,,Screen,CO,🔴 SIN RASTRO,Deprecar / Implementar de cero,0,,,,Buscamos entender el comportamiento de los usuarios en el Flujo de Cash In Pe teniendo como finalidad de negocio aumentar la conversión de este flujo y así aumentar el NNM.,¿Cuál es el porcentaje de usuarios que llegan a la pantalla de verificación antes de realizar un depósito?
Falcon,RVI,AMP-13-0099,cash_in,CashIn_SummaryTransaction_STKCO,,action_button_clicked,CO,🔴 SIN RASTRO,Deprecar / Implementar de cero,0,,,,Buscamos entender el comportamiento de los usuarios en el Flujo de Cash In Pe teniendo como finalidad de negocio aumentar la conversión de este flujo y así aumentar el NNM.,¿Cuál es el porcentaje de usuarios que ejecutan un depósito de dinero desde la pantalla de verificación?
Falcon,RVI,AMP-13-0100,Explore,Explore_STK,,search_bar,"PE,CO",🔴 SIN RASTRO,Deprecar / Implementar de cero,0,Fila 11,Fila 63,packages/features/core/market_cap/module/lib/core/attribution/events.dart,"Queremos conocer el comportamiento del usuario en el flujo de explore, identificando patrones específicos de busqueda, puntos de fricción o abandono.",¿Qué porcentaje de usuarios utilizan el buscador?
Falcon,RVI,AMP-13-0101,Explore,Explore_SearcherMostWanted_STK,,Screen,"PE,CO",🔴 SIN RASTRO,Deprecar / Implementar de cero,0,Fila 118,Fila 64,packages/features/core/market_cap/module/lib/core/attribution/events.dart,"Queremos conocer el comportamiento del usuario en el flujo de explore, identificando patrones específicos de busqueda, puntos de fricción o abandono.",¿Cuáles son las consultas de búsqueda activos/ETF's más populares por los usuarios?
Falcon,RVI,AMP-13-0102,Explore,Explore_STK,,action_link,"PE,CO",🔴 SIN RASTRO,Deprecar / Implementar de cero,0,Fila 221,Fila 65,packages/features/core/market_cap/module/lib/core/attribution/events.dart,"Queremos conocer el comportamiento del usuario en el flujo de explore, identificando patrones específicos de busqueda, puntos de fricción o abandono.",¿Qué porcentaje de usuarios accionan la info capsule desde el flujo de explore?
Falcon,RVI,AMP-13-0103,,,,,,⚫ VACÍO / SIN DATOS,Completar Documentación,10855,Fila 199,Fila 72,packages/features/core/market_cap/module/lib/core/attribution/events.dart,,
Falcon,RVI,AMP-13-0104,Explore,Explore_SearchResults_STK,,action_button,"PE,CO",🟢 VIVO (Exacto),Mantener,3068,Fila 280,Fila 67,packages/features/core/market_cap/module/lib/core/attribution/events.dart,"Queremos conocer el comportamiento del usuario en el flujo de explore, identificando patrones específicos de busqueda, puntos de fricción o abandono.",¿Que porcentaje de usuarios que llega a la sección de noticias por medio del buscador?
Falcon,RVI,AMP-13-0105,Explore,Explore_SearchResults_STK,,icon_button,"PE,CO",🟢 VIVO (Exacto),Mantener,5364,Fila 240,Fila 68,packages/features/core/market_cap/module/lib/core/attribution/events.dart,"Queremos conocer el comportamiento del usuario en el flujo de explore, identificando patrones específicos de busqueda, puntos de fricción o abandono.",¿Qué porcentaje de usuarios utilizan el filtro en el buscador durante su búsqueda?
Falcon,RVI,AMP-13-0106,Explore,Explore_STK,,action_card,"PE,CO",🔴 SIN RASTRO,Deprecar / Implementar de cero,0,Fila 34,Fila 69,packages/features/core/market_cap/module/lib/core/attribution/events.dart,"Queremos conocer el comportamiento del usuario en el flujo de explore, identificando patrones específicos de busqueda, puntos de fricción o abandono.","¿Cuál es el porcentaje de usuarios que interactúan con las cards de tendencias?, ¿Cuáles son las tendencias más elegidas por los usuarios en la pantalla de explore?"
Falcon,RVI,AMP-13-0107,Explore,Explore_STK,,,"PE,CO",🔴 SIN RASTRO,Deprecar / Implementar de cero,0,,,,"Queremos conocer el comportamiento del usuario en el flujo de explore, identificando patrones específicos de busqueda, puntos de fricción o abandono.",¿Cuánto tiempo pasan los usuarios en promedio en la pantalla de explore?
Falcon,RVI,AMP-13-0108,Explore,Explore_STK,,Snack_bar,"PE,CO",🔴 SIN RASTRO,Deprecar / Implementar de cero,0,Fila 402,Fila 70,packages/features/core/market_cap/module/lib/core/attribution/events.dart,"Queremos conocer el comportamiento del usuario en el flujo de explore, identificando patrones específicos de busqueda, puntos de fricción o abandono.",¿Qué cantidad de usuarios agregan un activo favorito a su lista de seguimiento?
Falcon,RVI,AMP-13-0109,Explore,Explore_STK,,Scroll,"PE,CO",🔴 SIN RASTRO,Deprecar / Implementar de cero,0,Fila 53,Fila 71,packages/features/core/market_cap/module/lib/core/attribution/events.dart,"Queremos conocer el comportamiento del usuario en el flujo de explore, identificando patrones específicos de busqueda, puntos de fricción o abandono.",¿Cuál es el porcentaje de usuarios que abandonan la pantalla de explore antes de llegar al final del contenido?
Falcon,RVI,AMP-13-0110,Portfolio,Portfolio_Main_STK,,action_button,"PE, CO",🔴 SIN RASTRO,Deprecar / Implementar de cero,0,,,,"Comprender en profundidad cómo los usuarios interactúan con las diversas funcionalidades dentro de la sección de su portafolio. Esto incluye identificar las funciones más y menos utilizadas, los patrones de navegación, los flujos de trabajo comunes y los puntos de fricción. El análisis resultante informará decisiones de diseño y desarrollo para mejorar la usabilidad, la relevancia de las funcionalidades y la satisfacción general del usuario con la gestión de su portafolio.","Considerando las interacciones de los usuarios en la vista de su portafolio, ¿cuál de los dos gráficos (distribución o gráfica) genera mayor engagement?"
Falcon,RVI,AMP-13-0115,,,,,,⚫ VACÍO / SIN DATOS,Completar Documentación,0,,,,,
Falcon,RVI,AMP-13-0116,Portfolio,Portfolio_Main_STK,,icon_button,"PE, CO",🔴 SIN RASTRO,Deprecar / Implementar de cero,0,,,,"Comprender en profundidad cómo los usuarios interactúan con las diversas funcionalidades dentro de la sección de su portafolio. Esto incluye identificar las funciones más y menos utilizadas, los patrones de navegación, los flujos de trabajo comunes y los puntos de fricción. El análisis resultante informará decisiones de diseño y desarrollo para mejorar la usabilidad, la relevancia de las funcionalidades y la satisfacción general del usuario con la gestión de su portafolio.","De los usuarios que interactúan con las cards de sus activos en el portafolio, ¿cuántos acceden a la vista de movimientos?"
Falcon,RVI,AMP-13-0119,Portfolio,Portfolio_DetailMovementsBottomSheet_STK,,action_button,"PE, CO",🔴 SIN RASTRO,Deprecar / Implementar de cero,0,,,,"Comprender en profundidad cómo los usuarios interactúan con las diversas funcionalidades dentro de la sección de su portafolio. Esto incluye identificar las funciones más y menos utilizadas, los patrones de navegación, los flujos de trabajo comunes y los puntos de fricción. El análisis resultante informará decisiones de diseño y desarrollo para mejorar la usabilidad, la relevancia de las funcionalidades y la satisfacción general del usuario con la gestión de su portafolio.",¿Cuántos usuarios utilizan el bottom sheet de vista en detalle de movimientos para ir al product detail?
Falcon,RVI,AMP-13-0121,Portfolio,Portfolio_Main_STK,,icon_button,"PE, CO",🔴 SIN RASTRO,Deprecar / Implementar de cero,0,,,,"Comprender en profundidad cómo los usuarios interactúan con las diversas funcionalidades dentro de la sección de su portafolio. Esto incluye identificar las funciones más y menos utilizadas, los patrones de navegación, los flujos de trabajo comunes y los puntos de fricción. El análisis resultante informará decisiones de diseño y desarrollo para mejorar la usabilidad, la relevancia de las funcionalidades y la satisfacción general del usuario con la gestión de su portafolio.",¿Cuál es el punto de acceso dentro de la plataforma que registra el mayor porcentaje de usuarios que inician el proceso de Cash in?
Falcon,RVI,AMP-13-0122,Support,,,,"PE,CO",⚫ VACÍO / SIN DATOS,Completar Documentación,0,,,,"Tenemos la hipótesis de que los usuarios no está utilizando la sección de soporte para resolver sus dudas, razón por la que queremos entender cómo es el comportamiento del usuario frente a esta sección. ",¿Cuál es la tasa de visualización de la sección soporte?
Falcon,RVI,AMP-13-0123,Support,,,,"PE,CO",⚫ VACÍO / SIN DATOS,Completar Documentación,0,,,,,"De los usuarios que ingresan a soporte, ¿cuántos de ellos se contactan con tyba?"
Falcon,RVI,AMP-13-0124,Support,,,,"PE,CO",⚫ VACÍO / SIN DATOS,Completar Documentación,0,,,,,"De los usuarios que ingresan a soporte, ¿cuántos de ellos se contactan con tyba?"
Falcon,RVI,AMP-13-0125,Support,,,,"PE,CO",⚫ VACÍO / SIN DATOS,Completar Documentación,0,,,,,"De los usuarios que ingresan a soporte, ¿cuántos de ellos se contactan con tyba?"
Falcon,RVI,AMP-13-0126,Support,,,,"PE,CO",⚫ VACÍO / SIN DATOS,Completar Documentación,0,,,,,"De los usuarios que ingresan a soporte, ¿cuántos de ellos utilzan los recursos de soporte antes de contactarse con tyba?"
Falcon,RVI,AMP-13-0127,Support,,,,"PE,CO",⚫ VACÍO / SIN DATOS,Completar Documentación,0,,,,,"De los usuarios que ingresan a soporte, ¿cuántos de ellos utilzan los recursos de soporte antes de contactarse con tyba?"
Falcon,RVI,AMP-13-0128,Support,,,,"PE,CO",⚫ VACÍO / SIN DATOS,Completar Documentación,0,,,,,¿Cuál es el porcentaje de usuarios que vuelve a la sección soporte después de haber consultado los recursos de ayuda?
Falcon,RVI,AMP-13-0129,Support,,,,"PE,CO",⚫ VACÍO / SIN DATOS,Completar Documentación,0,,,,,¿Cuál es el porcentaje de usuarios que vuelve a la sección soporte después de haber consultado los recursos de ayuda?
Falcon,RVI,AMP-13-0130,Home,HomeAcciones,Home_Modal_Cash_In,action_button,"PE,CO",🟢 VIVO (Exacto),Mantener,15578,Fila 169,Fila 75,packages/features/core/market_cap/module/lib/core/attribution/events.dart,"Comprender en profundidad cómo los usuarios interactúan con las diversas funcionalidades dentro de la sección de su portafolio. Esto incluye identificar las funciones más y menos utilizadas, los patrones de navegación, los flujos de trabajo comunes y los puntos de fricción. El análisis resultante informará decisiones de diseño y desarrollo para mejorar la usabilidad, la relevancia de las funcionalidades y la satisfacción general del usuario con la gestión de su portafolio.",¿Cuál es el punto de acceso dentro de la plataforma que registra el mayor porcentaje de usuarios que inician el proceso de Cash in?
Falcon,RVI,AMP-13-0131,Home,HomeAcciones,Home_Cash_In,action_button,"PE,CO",🟢 VIVO (Exacto),Mantener,24574,Fila 138,Fila 76,packages/features/core/market_cap/module/lib/core/attribution/events.dart,"Comprender en profundidad cómo los usuarios interactúan con las diversas funcionalidades dentro de la sección de su portafolio. Esto incluye identificar las funciones más y menos utilizadas, los patrones de navegación, los flujos de trabajo comunes y los puntos de fricción. El análisis resultante informará decisiones de diseño y desarrollo para mejorar la usabilidad, la relevancia de las funcionalidades y la satisfacción general del usuario con la gestión de su portafolio.",¿Cuál es el punto de acceso dentro de la plataforma que registra el mayor porcentaje de usuarios que inician el proceso de Cash in?
Falcon,RVI,AMP-13-0132,Explore,Explore_STK,,action_button,"PE,CO",🟢 VIVO (Divergente · screen_figma 23%),Mantener,40039,Fila 102,Fila 77,packages/features/core/market_cap/module/lib/core/attribution/events.dart,"Obtener una comprensión y entendimiento del comportamiento del usuario y sus patrones de interacción en la pantalla principal de acciones (Home). Este análisis será fundamental para evaluar la arquitectura de la información actual y considerar un rediseño de la pantalla que se alinee mejor con las necesidades del usuario, mejorando así su experiencia.",Porcentaje de usuarios que al visualizar la pantalla principal de acciones interactúan con elementos o realizan acciones que sugieren un deseo de obtener información más detallada
Falcon,RVI,AMP-13-0133,,,,,,⚫ VACÍO / SIN DATOS,Completar Documentación,0,,Fila 78,packages/features/core/market_cap/module/lib/core/attribution/events.dart,,
Falcon,RVI,AMP-13-0134,Explore,Explore_STK,,action_tabs,"PE,CO",🟢 VIVO (Divergente · screen_figma 23%),Mantener,50336,Fila 86,Fila 79,packages/features/core/market_cap/module/lib/core/attribution/events.dart,"Queremos conocer el comportamiento del usuario en el flujo de explore, identificando patrones específicos de busqueda, puntos de fricción o abandono.",¿Cuál es la lista de activos que generan mayor interacción y atención entre los usuarios?
Falcon,RVI,AMP-13-0135,Home,HomeAcciones,Go_To_News,card_tap,"PE, CO",🟢 VIVO (Divergente · object 18%),Mantener,42709,Fila 97,Fila 80,packages/features/core/market_cap/module/lib/core/attribution/events.dart,"Obtener una comprensión y entendimiento del comportamiento del usuario y sus patrones de interacción en la pantalla principal de acciones (Home). Este análisis será fundamental para evaluar la arquitectura de la información actual y considerar un rediseño de la pantalla que se alinee mejor con las necesidades del usuario, mejorando así su experiencia.",¿Qué porcentaje de usuarios interactúan con las cards de noticias y cuáles son las que generan mayor interés?
Falcon,RVI,AMP-13-0136,Explore,Explore_STK,Add_to_watchlist_home,snack_bar,"PE, CO",🟢 VIVO (Divergente · screen_figma 23%),Mantener,535,Fila 355,Fila 81,packages/features/core/market_cap/module/lib/core/attribution/events.dart,"Obtener una comprensión y entendimiento del comportamiento del usuario y sus patrones de interacción en la pantalla principal de acciones (Home). Este análisis será fundamental para evaluar la arquitectura de la información actual y considerar un rediseño de la pantalla que se alinee mejor con las necesidades del usuario, mejorando así su experiencia.",¿Cuál método emplean con mayor frecuencia los usuarios para seguir activos individuales a medida que navegan por el flujo de acciones?
Falcon,RVI,AMP-13-0137,,,,,,⚫ VACÍO / SIN DATOS,Completar Documentación,400,Fila 361,Fila 82,packages/features/core/market_cap/module/lib/core/attribution/events.dart,,
Falcon,RVI,AMP-13-0138,Home,HomeAcciones,,action_link_button,"PE,CO",🟢 VIVO (Parcial · object 61%),Mantener,14701,Fila 173,Fila 83,packages/features/core/market_cap/module/lib/core/attribution/events.dart,"Obtener una comprensión y entendimiento del comportamiento del usuario y sus patrones de interacción en la pantalla principal de acciones (Home). Este análisis será fundamental para evaluar la arquitectura de la información actual y considerar un rediseño de la pantalla que se alinee mejor con las necesidades del usuario, mejorando así su experiencia.",¿Qué opción seleccionan con mayor frecuencia los usuarios para reanudar su proceso de vinculación dentro del flujo de acciones? 
Falcon,RVI,AMP-13-0139,Home,HomeAcciones,,action_button,"PE,CO",🟢 VIVO (Exacto),Mantener,575897,Fila 8,Fila 84,packages/features/core/market_cap/module/lib/core/attribution/events.dart,"Obtener una comprensión y entendimiento del comportamiento del usuario y sus patrones de interacción en la pantalla principal de acciones (Home). Este análisis será fundamental para evaluar la arquitectura de la información actual y considerar un rediseño de la pantalla que se alinee mejor con las necesidades del usuario, mejorando así su experiencia.",¿Cuál es el viaje del usuario dentro del producto de acciones?
Falcon,RVI,AMP-13-0140,Home,HomeAcciones,,action_button,"PE,CO",🟢 VIVO (Exacto),Mantener,18091,Fila 159,Fila 85,packages/features/core/market_cap/module/lib/core/attribution/events.dart,"Obtener una comprensión y entendimiento del comportamiento del usuario y sus patrones de interacción en la pantalla principal de acciones (Home). Este análisis será fundamental para evaluar la arquitectura de la información actual y considerar un rediseño de la pantalla que se alinee mejor con las necesidades del usuario, mejorando así su experiencia.",¿Cuál es el viaje del usuario dentro del producto de acciones?
Falcon,RVI,AMP-13-0141,,,,,,⚫ VACÍO / SIN DATOS,Completar Documentación,0,,Fila 86,packages/features/core/market_cap/module/lib/core/attribution/events.dart,,
Falcon,RVI,AMP-13-0142,Home,HomeAcciones,,icon_button,"PE,CO",🟢 VIVO (Exacto),Mantener,3982,Fila 259,Fila 87,packages/features/core/market_cap/module/lib/core/attribution/events.dart,"Obtener una comprensión y entendimiento del comportamiento del usuario y sus patrones de interacción en la pantalla principal de acciones (Home). Este análisis será fundamental para evaluar la arquitectura de la información actual y considerar un rediseño de la pantalla que se alinee mejor con las necesidades del usuario, mejorando así su experiencia.",¿Qué porcentaje de usuarios que visualizan una ventana emergente interactúan con ella cerrándola o descartándola?
Falcon,RVI,AMP-13-0143,,,,,,⚫ VACÍO / SIN DATOS,Completar Documentación,0,,,,,
Falcon,RVI,AMP-13-0144,Home,HomeAcciones,,,"PE,CO","🟠 DISPARA, NO ESTÁ EN CÓDIGO",Revisar naming en código FE,2726656,Fila 4,,,"Obtener una comprensión y entendimiento del comportamiento del usuario y sus patrones de interacción en la pantalla principal de acciones (Home). Este análisis será fundamental para evaluar la arquitectura de la información actual y considerar un rediseño de la pantalla que se alinee mejor con las necesidades del usuario, mejorando así su experiencia.",¿Cuál es el viaje del usuario dentro del producto de acciones?
Falcon,RVI,AMP-13-0145,Home,Home_ClosedMarket_STK,,,"PE,CO",🟢 VIVO (Divergente · screen_figma 27%),Mantener,36619,Fila 113,Fila 88,packages/features/core/market_cap/module/lib/core/attribution/events.dart,Buscamos entender el comportamiento de los usuarios en el Flujo de Cash In Pe teniendo como finalidad de negocio aumentar la conversión de este flujo y así aumentar el NNM.,¿Cuál es el porcentaje de usuarios que intentan realizar operaciones en días feriados o en otros días no hábiles?
Falcon,RVI,AMP-13-0146,,,,,,⚫ VACÍO / SIN DATOS,Completar Documentación,0,,,,,
Falcon,RVI,AMP-13-0147,Cuenta remunerada,HomeAcciones,Wallet_Banner,banner,"PE, CO",🟢 VIVO (Divergente · event 58%),Mantener,563,Fila 351,Fila 93,packages/features/core/market_cap/module/lib/core/attribution/events.dart,"Recientemente agregamos la funcionalidad cuenta remunerada para ayudar a los clientes a rentar de forma más segura su dinero, esto atrayendo perfiles más conservadores y un mayor ingreso de dinero a la app. Queremos entender el comportamiento de los usuarios frente a esta nueva funcionalidad.",¿Cuál es el funnel de conversión en la firma de TYC de cuenta remunerada?
Falcon,RVI,AMP-13-0148,Cuenta remunerada,WalletCreation,Accepted_TyC_Wallet,action_button,"PE, CO",🟢 VIVO (Divergente · event 58%),Mantener,264,Fila 375,Fila 94,packages/features/core/market_cap/module/lib/core/attribution/events.dart,"Recientemente agregamos la funcionalidad cuenta remunerada para ayudar a los clientes a rentar de forma más segura su dinero, esto atrayendo perfiles más conservadores y un mayor ingreso de dinero a la app. Queremos entender el comportamiento de los usuarios frente a esta nueva funcionalidad.",¿Cuál es el funnel de conversión en la firma de TYC de cuenta remunerada?
Falcon,RVI,AMP-13-0149,Cuenta remunerada,WalletCreation,Go_Back_Wallet,icon_button,"PE, CO",🔴 SIN RASTRO,Deprecar / Implementar de cero,0,,,,"Recientemente agregamos la funcionalidad cuenta remunerada para ayudar a los clientes a rentar de forma más segura su dinero, esto atrayendo perfiles más conservadores y un mayor ingreso de dinero a la app. Queremos entender el comportamiento de los usuarios frente a esta nueva funcionalidad.",¿Cuál es el funnel de conversión en la firma de TYC de cuenta remunerada?
Falcon,RVI,AMP-13-0150,Cuenta remunerada,HomeAcciones,Go_To_Wallet_Detail,standard_list_item,"PE, CO",🔴 SIN RASTRO,Deprecar / Implementar de cero,0,,,,"Recientemente agregamos la funcionalidad cuenta remunerada para ayudar a los clientes a rentar de forma más segura su dinero, esto atrayendo perfiles más conservadores y un mayor ingreso de dinero a la app. Queremos entender el comportamiento de los usuarios frente a esta nueva funcionalidad.",¿Con qué frecuencia los usuarios están accediendo al detalle de su billetera?
Falcon,RVI,AMP-13-0151,Cuenta remunerada,Wallet_detail_firsttime,More_Info_Wallet_Detail,action_link,"PE, CO",🟢 VIVO (Divergente · event 58%),Mantener,18784,Fila 156,Fila 95,packages/features/core/market_cap/module/lib/core/attribution/events.dart,"Recientemente agregamos la funcionalidad cuenta remunerada para ayudar a los clientes a rentar de forma más segura su dinero, esto atrayendo perfiles más conservadores y un mayor ingreso de dinero a la app. Queremos entender el comportamiento de los usuarios frente a esta nueva funcionalidad.",¿Los usuarios están usando las herramientas de ayuda?
Falcon,RVI,AMP-13-0152,Cuenta remunerada,Wallet_detail_firsttime,FAQ_Wallet_Detail,icon_button,"PE, CO",🔴 SIN RASTRO,Deprecar / Implementar de cero,0,,,,"Recientemente agregamos la funcionalidad cuenta remunerada para ayudar a los clientes a rentar de forma más segura su dinero, esto atrayendo perfiles más conservadores y un mayor ingreso de dinero a la app. Queremos entender el comportamiento de los usuarios frente a esta nueva funcionalidad.",¿Los usuarios están usando las herramientas de ayuda?
Falcon,RVI,AMP-13-0153,Cuenta remunerada,Wallet_detail_firsttime,Go_To_Cash_In_Wallet_Detail,action_button,"PE, CO",🟢 VIVO (Divergente · event 58%),Mantener,6146,Fila 232,Fila 96,packages/features/core/market_cap/module/lib/core/attribution/events.dart,"Queremos conocer el comportamiento del usuario en el flujo de explore, identificando patrones específicos de busqueda, puntos de fricción o abandono.",¿Cuál es el porcentaje de usuarios que acceden al flujo de cash in desde la pantalla detalle de cuenta remunerada?
Falcon,RVI,AMP-13-0154,Cuenta remunerada,PowerCash_infoDetailPay,,action_button,"PE, CO",🟢 VIVO (Divergente · event 58%),Mantener,9326,Fila 207,Fila 97,packages/features/core/market_cap/module/lib/core/attribution/events.dart,"Recientemente agregamos la funcionalidad cuenta remunerada para ayudar a los clientes a rentar de forma más segura su dinero, esto atrayendo perfiles más conservadores y un mayor ingreso de dinero a la app. Queremos entender el comportamiento de los usuarios frente a esta nueva funcionalidad.","¿Cuál es el porcentaje de usuarios que completan el walkthrough y hacen clic en el botón ""Finalizar""?"
Falcon,RVI,AMP-13-0160,cash_in,CashIn_CashAmount_STKPE,Cash_In_View,screen,PE,🟢 VIVO (Exacto),Mantener,64238,Fila 64,Fila 250,packages/features/generic/cash_in/module/lib/core/attribution/events.dart,Buscamos entender el comportamiento de los usuarios en el Flujo de Cash In Pe teniendo como finalidad de negocio aumentar la conversión de este flujo y así aumentar el NNM.,¿Qué porcentaje de usuarios visualiza la pantalla de carga de dinero en el flujo de Cash In?
Falcon,RVI,AMP-13-0161,cash_in,CashIn_CashAmount_STKPE,Cash_In_Input,input_field,PE,🟢 VIVO (Exacto),Mantener,259447,Fila 14,Fila 251,packages/features/generic/cash_in/module/lib/core/attribution/events.dart,Buscamos entender el comportamiento de los usuarios en el Flujo de Cash In Pe teniendo como finalidad de negocio aumentar la conversión de este flujo y así aumentar el NNM.,"¿Qué porcentaje de usuarios visualiza ingresa un valor en ""Ingresa un monto""?"
Falcon,RVI,AMP-13-0162,cash_in,CashIn_CrashMonet_STKPE,Cash_In_Monnet_Not_Aviable,action_button,PE,🟢 VIVO (Exacto),Mantener,40,Fila 434,Fila 252,packages/features/generic/cash_in/module/lib/core/attribution/events.dart,,¿Cuántas veces aparece que no está disponible Monnet?
Falcon,RVI,AMP-13-0163,cash_in,CashIn_WebviewMonnet_STKPE,Cash_In_WebView_Monnet,screen,PE,🟢 VIVO (Exacto),Mantener,24470,Fila 139,Fila 253,packages/features/generic/cash_in/module/lib/core/attribution/events.dart,Buscamos entender el comportamiento de los usuarios en el Flujo de Cash In Pe teniendo como finalidad de negocio aumentar la conversión de este flujo y así aumentar el NNM.,¿Qué porcentaje de usuarios visualizan el web view de Monnet?
Falcon,RVI,AMP-13-0164,,,,,,⚫ VACÍO / SIN DATOS,Completar Documentación,8218,Fila 214,Fila 73,packages/features/core/market_cap/module/lib/core/attribution/events.dart,,
Falcon,RVI,AMP-13-0165,Explore,Explore_STK,Explore_Based_Searches,action_card,"PE, CO",🟢 VIVO (Exacto),Mantener,11446,Fila 192,Fila 74,packages/features/core/market_cap/module/lib/core/attribution/events.dart,"Queremos conocer el comportamiento del usuario en el flujo de explore, identificando patrones específicos de busqueda, puntos de fricción o abandono.",¿Cuál es el porcentaje de usuarios que interactúan con las cards de Basado en tus busquedas?
Falcon,KYC,AMP-5-0039,kyc,KYC_accessRefused,KYC_Validation_Failure,screen,"PE, CO",🟢 VIVO (Exacto) (⚠️ Colisión),Mantener,13964,Fila 179,Fila 395,packages/features/generic/kyc/module/lib/core/attribution/events.dart,"Buscamos construir el funnel de conversión y rastrear los pasos que  tienen mayor caida. Con esto podremos implementar mejoras en esos pasos, aumentando la conversión de usuarios que logran llegar al flujo de cashin ",¿Qué porcentaje de usuarios no puede invertir en el producto por validación de reglas?
Falcon,RVI,AMP-13-0166,Onboarding,Product_benefits_screen_PE,,screen,PE,🔴 SIN RASTRO,Deprecar / Implementar de cero,0,,,,Medir el impacto de un contenido dinámico (reel) vs. uno estático en la adquisición de nuevos clientes para el producto de acciones.  Se espera que el contenido dinámico (reel) genere un mayor número de nuevos clientes al ser más atractivo y visual.,¿Cuál es el tiempo promedio que un usuario se mantuvo en la pantalla de beneficios del producto de inversiones internacionales antes de realizar una acción?
Falcon,RVI,AMP-13-0167,Onboarding,Product_benefits_screen_PE,,action_button,PE,🔴 SIN RASTRO,Deprecar / Implementar de cero,0,,,,Medir el impacto de un contenido dinámico (reel) vs. uno estático en la adquisición de nuevos clientes para el producto de acciones.  Se espera que el contenido dinámico (reel) genere un mayor número de nuevos clientes al ser más atractivo y visual.,"De los usuarios que vieron la pantalla de beneficios del producto de inversiones internacionales, ¿qué porcentaje hizo clic en el botón de ""Quiero este producto""?"
Falcon,TRANSVERSAL,AMP-5-0037,dashboard,Dashboard_Full,Dashboard_Open_Stocks,action_card,"PE, CO",🔴 SIN RASTRO,Deprecar / Implementar de cero,0,,,,Queremos conocer el funnel de conversión donde el usuario experimenta la transición de pasar de una plataforma inicial (Tyba) hacia la plataforma de Credicorp Capital LLC.,¿Cuál es el entry point preferido por los clientes en el dashboard para entrar al producto de Acciones? 
Falcon,TRANSVERSAL,AMP-5-0038,dashboard,Dashboard_Full,Dashboard_Open_Stocks_Balance,action_card,"PE, CO",🔴 SIN RASTRO,Deprecar / Implementar de cero,0,,,,Queremos conocer el funnel de conversión donde el usuario experimenta la transición de pasar de una plataforma inicial (Tyba) hacia la plataforma de Credicorp Capital LLC.,¿Cuál es el entry point preferido por los clientes en el dashboard para entrar al producto de Acciones? 
Falcon,RVI,AMP-13-0168,Explore,Explore_TrendingList_STK,Back_To_Explore,icon_button,"PE, CO",🔴 SIN RASTRO,Deprecar / Implementar de cero,0,,,,"Queremos conocer el comportamiento del usuario en el flujo de explore, identificando patrones específicos de busqueda, puntos de fricción o abandono.",¿Cuál es el porcentaje de usuarios que vuelven a la vista principal de Explore después de visitar la vista detallada de Tendencias?
Falcon,RVI,AMP-13-0169,Explore,Explore_TrendingList_STK,Go_To_Trends,screen,"PE, CO",🔴 SIN RASTRO,Deprecar / Implementar de cero,0,,,,"Queremos conocer el comportamiento del usuario en el flujo de explore, identificando patrones específicos de busqueda, puntos de fricción o abandono.",¿Cuánto tiempo pasan los usuarios en promedio en la pantalla detalle de tendencias?
Falcon,RVI,AMP-13-0170,purchase_order,PurchaseOrder_AddAmountOrder_STK,PurchaseOrder_OrderTypeOpenMarket_STK,icon_button,"PE, CO",🔴 SIN RASTRO,Deprecar / Implementar de cero,0,,,,"Queremos conocer el comportamiento del usuario en el flujo Purchase order, identificando patrones específicos de compra, puntos de fricción o abandono.",¿Cuál es el porcentaje de abandono en una orden de compra?
Falcon,RVI,AMP-13-0171,purchase_order,PurchaseOrder_AddAmountOrder_STK,PurchaseOrder_ResumeOrderModal_STK,action_button,"PE, CO",🔴 SIN RASTRO,Deprecar / Implementar de cero,0,,,,"Queremos conocer el comportamiento del usuario en el flujo Purchase order, identificando patrones específicos de compra, puntos de fricción o abandono.",¿Cuál es el porcentaje de usuarios que compra acciones ?
Falcon,RVI,AMP-13-0172,purchase_order,PurchaseOrder_AddAmountOrder_STK,,segmented_button,"PE, CO",🔴 SIN RASTRO,Deprecar / Implementar de cero,0,,,,"Queremos conocer el comportamiento del usuario en el flujo Purchase order, identificando patrones específicos de compra, puntos de fricción o abandono.",¿Cuál es la tasa de orden de compra en la opción dolares vs unidades?
Falcon,RVI,AMP-13-0173,purchase_order,PurchaseOrder_AddAmountOrder_STK,,segmented_button,"PE, CO",🔴 SIN RASTRO,Deprecar / Implementar de cero,0,,,,"Queremos conocer el comportamiento del usuario en el flujo Purchase order, identificando patrones específicos de compra, puntos de fricción o abandono.",¿Cuál es la tasa de orden de compra en la opción dolares vs unidades?
Falcon,RVI,AMP-13-0174,Home,HomeAcciones,ProductDetail_PurchasedStock_STK,standard_tile,"PE, CO",🟢 VIVO (Exacto),Mantener,72105,Fila 59,Fila 89,packages/features/core/market_cap/module/lib/core/attribution/events.dart,,"""¿Cuál es el porcentaje de usuarios que seleccionan la card del activo en los ""Activos que siguen otros usuarios""?   "
Falcon,RVI,AMP-13-0175,Home,HomeAcciones,,action_button,"PE, CO",🟢 VIVO (Exacto),Mantener,17576,Fila 161,Fila 90,packages/features/core/market_cap/module/lib/core/attribution/events.dart,"Buscamos entender el comportamiento de los usuarios en el Flujo de home a ""Lista de seguidos""teniendo como finalidad de negocio aumentar la conversión de este flujo .




","¿Cuál es el porcentaje de usuarios que siguen un activo desde el home en la sección ""Activos que siguen otros usuarios""?"
Falcon,RVI,AMP-13-0176,Product detail,ProductDetail_PurchasedStock_STK,,action_button,"PE, CO",🟢 VIVO (Exacto),Mantener,74254,Fila 58,Fila 110,packages/features/core/market_cap/module/lib/core/attribution/events.dart,"Buscamos entender el comportamiento de los usuarios en el Flujo de home a ""Lista de seguidos""teniendo como finalidad de negocio aumentar la conversión de este flujo .




",¿Cuál es el porcentaje de usuarios que siguen un activo desde el product detail?
Falcon,RVI,AMP-13-0177,Product detail,ProductDetail_PurchasedStock_STK,,action_button,"PE, CO","🟠 DISPARA, NO ESTÁ EN CÓDIGO",Revisar naming en código FE,15055,Fila 170,,,"Buscamos entender el comportamiento de los usuarios en el Flujo de home a ""Lista de seguidos""teniendo como finalidad de negocio aumentar la conversión de este flujo .




",¿Cuál es el porcentaje de usuarios que dejan de seguir un activo desde el product detail?
Falcon,RVI,AMP-13-0178,Home,HomeAcciones,WatchList,action_button,"PE, CO",🟢 VIVO (Divergente · event 11%),Mantener,197704,Fila 25,Fila 91,packages/features/core/market_cap/module/lib/core/attribution/events.dart,Medir la adopción (grado en que los usuarios empiezan a usar y aceptar la nueva funcionalidad) de la implementación versión 2.0 de listas de seguimiento.,¿Con qué frecuencia los usuarios acceden a Mis listas de seguimiento desde el home de acciones para verificar y gestionar sus activos?
Falcon,RVI,AMP-13-0179,Home,,,action_button,"PE, CO",⚫ VACÍO / SIN DATOS,Completar Documentación,0,,,,,
Falcon,RVI,AMP-13-0180,Home,HomeAcciones,FollowedByOthers,blog_entry,"PE, CO",🟢 VIVO (Exacto),Mantener,41656,Fila 100,Fila 92,packages/features/core/market_cap/module/lib/core/attribution/events.dart,"Buscamos entender el comportamiento de los usuarios en el Flujo de home a ""Lista de seguidos""teniendo como finalidad de negocio aumentar la conversión de este flujo .




","¿Cúal es el porcentaje de usuarios que entra a la sección ""ver mas""en Activos que siguen otros usuarios""?"
Falcon,RVI,AMP-13-0181,watchlist,FollowedByOthers,,icon_button,"PE, CO",🟢 VIVO (Exacto),Mantener,3402,Fila 273,Fila 104,packages/features/core/market_cap/module/lib/core/attribution/events.dart,"Buscamos entender el comportamiento de los usuarios en el Flujo de home a ""Lista de seguidos""teniendo como finalidad de negocio aumentar la conversión de este flujo .




",¿Cuál es el porcentaje de usuarios que ingresan a filtrar los Seguidos por nuestros usuarios?
Falcon,RVI,AMP-13-0182,watchlist,FollowedByOthers,,icon_button,"PE, CO",🟢 VIVO (Exacto),Mantener,4880,Fila 247,Fila 105,packages/features/core/market_cap/module/lib/core/attribution/events.dart,"Buscamos entender el comportamiento de los usuarios en el Flujo de home a ""Lista de seguidos""teniendo como finalidad de negocio aumentar la conversión de este flujo .




",¿Cúal es el porcentaje de usuarios que sigue un activo con el swipe desde la pantalla Seguidos por nuestros usuarios?
Falcon,RVI,AMP-13-0183,watchlist,FollowedByOthers,,stock_item,"PE, CO",🟢 VIVO (Exacto),Mantener,49155,Fila 87,Fila 106,packages/features/core/market_cap/module/lib/core/attribution/events.dart,"Buscamos entender el comportamiento de los usuarios en el Flujo de home a ""Lista de seguidos""teniendo como finalidad de negocio aumentar la conversión de este flujo .




",¿Cúal es el porcentaje de usuarios que ingresan al product detail del activo desde la pantalla Seguidos por nuestros usuarios?
Falcon,RVI,AMP-13-0184,watchlist,FollowedByOthers,,action_button,"PE, CO",🟢 VIVO (Exacto),Mantener,12355,Fila 188,Fila 107,packages/features/core/market_cap/module/lib/core/attribution/events.dart,"Buscamos entender el comportamiento de los usuarios en el Flujo de home a ""Lista de seguidos""teniendo como finalidad de negocio aumentar la conversión de este flujo .




",¿Cúal es el porcentaje de usuarios que deciden explorar mas activos desde la pantalla Seguidos por nuestros usuarios?
Falcon,RVI,AMP-13-0185,watchlist,FollowedByOthers_FilterBottomSheet,,action_button,"PE, CO",🟢 VIVO (Exacto),Mantener,2325,Fila 295,Fila 108,packages/features/core/market_cap/module/lib/core/attribution/events.dart,"Buscamos entender el comportamiento de los usuarios en el Flujo de home a ""Lista de seguidos""teniendo como finalidad de negocio aumentar la conversión de este flujo .




",¿Cúal es el porcentaje de usuarios que aplican filtros en la pantalla Seguidos por nuestros usuarios?
Falcon,RVI,AMP-13-0187,costs_rates,HomeAcciones,,standard_list_item,"PE, CO",🔴 SIN RASTRO,Deprecar / Implementar de cero,0,,,,Evaluar la efectividad de la sección de costos y comisiones para inversiones internacionales en la resolución de dudas de los usuarios y su impacto en el proceso de toma de decisiones de inversión.,¿Cuál es el porcentaje de usuarios que navegan desde la página de inicio de acciones hasta la sección de costos y comisiones?
Falcon,RVI,AMP-13-0188,costs_rates,screen_cost&comissions,,icon_button,"PE, CO",🔴 SIN RASTRO,Deprecar / Implementar de cero,0,,,,Evaluar la efectividad de la sección de costos y comisiones para inversiones internacionales en la resolución de dudas de los usuarios y su impacto en el proceso de toma de decisiones de inversión.,¿Con qué frecuencia los usuarios utilizan los botones de navegación para revisar la información sobre las comisiones que se manejan en tyba?
Falcon,RVI,AMP-13-0189,costs_rates,screen_cost&comissions,,collapsible_item,"PE, CO",🔴 SIN RASTRO,Deprecar / Implementar de cero,0,,,,Evaluar la efectividad de la sección de costos y comisiones para inversiones internacionales en la resolución de dudas de los usuarios y su impacto en el proceso de toma de decisiones de inversión.,"¿Porcentaje de usuarios que interactúan con el componente de acordeón para conocer sobre costos relacionados a reg, taf o retención de dividendos?"
Falcon,RVI,AMP-13-0190,costs_rates,screen_cost&comissions,,action_link,"PE, CO",🔴 SIN RASTRO,Deprecar / Implementar de cero,0,,,,Evaluar la efectividad de la sección de costos y comisiones para inversiones internacionales en la resolución de dudas de los usuarios y su impacto en el proceso de toma de decisiones de inversión.,¿Cuál es la evolución en el tiempo del número de usuarios que contactan a soporte por temas relacionados con costos y comisiones? 
Falcon,RVI,AMP-13-0191,costs_rates,screen_cost&comissions,,screen,"PE, CO",🔴 SIN RASTRO,Deprecar / Implementar de cero,0,,,,Evaluar la efectividad de la sección de costos y comisiones para inversiones internacionales en la resolución de dudas de los usuarios y su impacto en el proceso de toma de decisiones de inversión.,"¿Cuál es el tiempo promedio que los usuarios dedican a revisar la información de costos y comisiones antes de tomar una decisión de inversión?, ¿Qué secciones específicas dentro de la sección de costos y comisiones generan mayor interés y tiempo de permanencia en los usuarios?"
Falcon,RVI,AMP-13-0192,watchlist,Watchlist_detailList,,action_button,"PE, CO",🟢 VIVO (Divergente · event 21%),Mantener,3131,Fila 277,Fila 115,packages/features/core/market_cap/module/lib/core/attribution/events.dart,Medir la adopción (grado en que los usuarios empiezan a usar y aceptar la nueva funcionalidad) de la implementación versión 2.0 de listas de seguimiento.,¿Qué porcentaje de usuarios inicia el proceso de personalización de la lista al disparar la acción desde la vista de detalle?
Falcon,RVI,AMP-13-0193,Product detail,ProductDetail_feedbackFollowed_STK,,snack_bar,"PE, CO",🟢 VIVO (Divergente · event 21%),Mantener,63646,Fila 66,Fila 111,packages/features/core/market_cap/module/lib/core/attribution/events.dart,Medir la adopción (grado en que los usuarios empiezan a usar y aceptar la nueva funcionalidad) de la implementación versión 2.0 de listas de seguimiento.,¿Cuál es la tasa de usuarios que agrega un activo a una nueva lista desde el detalle del producto?
Falcon,RVI,AMP-13-0194,watchlist,Watchlist_screenAllList,,snack_bar,"PE, CO",🟢 VIVO (Exacto),Mantener,1569,Fila 311,Fila 114,packages/features/core/market_cap/module/lib/core/attribution/events.dart,Medir la adopción (grado en que los usuarios empiezan a usar y aceptar la nueva funcionalidad) de la implementación versión 2.0 de listas de seguimiento.,¿Cuál es la tasa de usuarios que crean una nueva lista desde la pantalla de 'Mis listas de seguimiento?
Falcon,RVI,AMP-13-0195,watchlist,Watchlist_createNewList,,action_button,"PE, CO",🟢 VIVO (Exacto),Mantener,5380,Fila 239,Fila 113,packages/features/core/market_cap/module/lib/core/attribution/events.dart,Medir la adopción (grado en que los usuarios empiezan a usar y aceptar la nueva funcionalidad) de la implementación versión 2.0 de listas de seguimiento.,¿Cuántas listas nuevas se crean en promedio por usuario?
Falcon,RVI,AMP-13-0196,Only Power Cash,Dashboard_NewUser,,card,"PE, CO","🟠 DISPARA, NO ESTÁ EN CÓDIGO",Revisar naming en código FE,14931,Fila 172,,,"Analizar la adopción de Power Cash como producto independiente, midiendo el acceso, la frecuencia de uso, la generación de ingresos (CASH IN) y la conversión de usuarios a acciones internacionales.","¿Cuál es el número de usuarios que acceden al producto de Power Cash a través del dashboard general de tyba ""Más opciones de inversión""?"
Falcon,RVI,AMP-13-0197,Only Power Cash,Product Benefits Screen,,action_button,"PE, CO","🟠 DISPARA, NO ESTÁ EN CÓDIGO",Revisar naming en código FE,13892,Fila 180,,,"Analizar la adopción de Power Cash como producto independiente, midiendo el acceso, la frecuencia de uso, la generación de ingresos (CASH IN) y la conversión de usuarios a acciones internacionales.",¿Cuántos usuarios adquieren el producto a través de la vitrina de beneficios?
Falcon,RVI,AMP-13-0198,Only Power Cash,PowerCash_ProductDetail_EmptyState,,action_button,"PE, CO",🟢 VIVO (Exacto),Mantener,4009,Fila 257,Fila 98,packages/features/core/market_cap/module/lib/core/attribution/events.dart,"Analizar la adopción de Power Cash como producto independiente, midiendo el acceso, la frecuencia de uso, la generación de ingresos (CASH IN) y la conversión de usuarios a acciones internacionales.",¿Cuál es el tiempo promedio que transcurre entre la vinculación de un usuario al producto y su primer cashin?
Falcon,RVI,AMP-13-0199,Only Power Cash,PowerCash_ProductDetail,,icon_button,"PE, CO",🟢 VIVO (Divergente · object 46%),Mantener,170,Fila 388,Fila 99,packages/features/core/market_cap/module/lib/core/attribution/events.dart,"Analizar la adopción de Power Cash como producto independiente, midiendo el acceso, la frecuencia de uso, la generación de ingresos (CASH IN) y la conversión de usuarios a acciones internacionales.",¿Con qué frecuencia los usuarios realizan cash-in en el producto de Power Cash?
Falcon,RVI,AMP-13-0200,Only Power Cash,PowerCash_ProductDetail,,action_link,"PE, CO",🟢 VIVO (Divergente · object 54%),Mantener,927,Fila 333,Fila 100,packages/features/core/market_cap/module/lib/core/attribution/events.dart,"Analizar la adopción de Power Cash como producto independiente, midiendo el acceso, la frecuencia de uso, la generación de ingresos (CASH IN) y la conversión de usuarios a acciones internacionales.",¿Cuál es el número de usuarios que acceden a la sección de preguntas frecuentes desde la pantalla detalle?
Falcon,RVI,AMP-13-0201,Only Power Cash,PowerCash_ProductDetail,,Info_capsule,"PE, CO",🟢 VIVO (Divergente · object 15%),Mantener,138,Fila 396,Fila 101,packages/features/core/market_cap/module/lib/core/attribution/events.dart,"Analizar la adopción de Power Cash como producto independiente, midiendo el acceso, la frecuencia de uso, la generación de ingresos (CASH IN) y la conversión de usuarios a acciones internacionales.","Del total de usuarios que visualizan el banner en la pantalla de detalle, ¿qué porcentaje indica su intención de invertir en acciones internacionales?"
Falcon,RVI,AMP-13-0202,Only Power Cash,Screen_benefitNoCommission,,action_button,"PE, CO",🟢 VIVO (Exacto),Mantener,5347,Fila 241,Fila 102,packages/features/core/market_cap/module/lib/core/attribution/events.dart,"Analizar la adopción de Power Cash como producto independiente, midiendo el acceso, la frecuencia de uso, la generación de ingresos (CASH IN) y la conversión de usuarios a acciones internacionales.",¿Qué porcentaje de usuarios se vincula a acciones internacionales desde el producto de Power Cash?
Falcon,RVI,AMP-13-0203,Only Power Cash,Screen_benefitNoCommission,,icon_button,"PE, CO",🟢 VIVO (Divergente · object 46%),Mantener,981,Fila 328,Fila 103,packages/features/core/market_cap/module/lib/core/attribution/events.dart,,"¿Cuál es la tasa de abandono en el onboarding, previo al acceso al producto de acciones internacionales?"
Falcon,RVI,AMP-13-0204,Price alert,ProductDetail_STK,,action_button,"PE, CO",🔴 SIN RASTRO,Deprecar / Implementar de cero,0,,,,"Recopilar información detallada sobre la experiencia del usuario al interactuar con la nueva funcionalidad de alertas de precio personalizadas  y medir el nivel de adopción de esta funcionalidad entre los usuarios de la aplicación. Se busca identificar puntos de fricción, evaluar la claridad de la interfaz, comprender las preferencias de configuración (precio vs. porcentaje) y determinar la frecuencia de uso y gestión de las alertas. ",¿Cuántos usuarios acceden a la funcionalidad de alertas de precio desde la página de detalle del producto?
Falcon,RVI,AMP-13-0205,Price alert,ProductDetail_AlertConfiguration_STK,,action_button,"PE, CO",🔴 SIN RASTRO,Deprecar / Implementar de cero,0,,,,"Recopilar información detallada sobre la experiencia del usuario al interactuar con la nueva funcionalidad de alertas de precio personalizadas  y medir el nivel de adopción de esta funcionalidad entre los usuarios de la aplicación. Se busca identificar puntos de fricción, evaluar la claridad de la interfaz, comprender las preferencias de configuración (precio vs. porcentaje) y determinar la frecuencia de uso y gestión de las alertas. ",¿Cuál de las dos opciones (precio específico o porcentaje) es más popular entre los usuarios para configurar sus alertas de precio?
Falcon,RVI,AMP-13-0206,Price alert,ProductDetail_STK,,snack_bar,"PE, CO",🔴 SIN RASTRO,Deprecar / Implementar de cero,0,,,,"Recopilar información detallada sobre la experiencia del usuario al interactuar con la nueva funcionalidad de alertas de precio personalizadas  y medir el nivel de adopción de esta funcionalidad entre los usuarios de la aplicación. Se busca identificar puntos de fricción, evaluar la claridad de la interfaz, comprender las preferencias de configuración (precio vs. porcentaje) y determinar la frecuencia de uso y gestión de las alertas. ",¿Cuál es el número promedio de alertas de precio personalizadas creadas por usuario?
Falcon,RVI,AMP-13-0207,Price alert,HomeAcciones,,standard_tile,"PE, CO",🔴 SIN RASTRO,Deprecar / Implementar de cero,0,,,,"Recopilar información detallada sobre la experiencia del usuario al interactuar con la nueva funcionalidad de alertas de precio personalizadas  y medir el nivel de adopción de esta funcionalidad entre los usuarios de la aplicación. Se busca identificar puntos de fricción, evaluar la claridad de la interfaz, comprender las preferencias de configuración (precio vs. porcentaje) y determinar la frecuencia de uso y gestión de las alertas. ",¿Cuántos usuarios inician el flujo de creación de alertas de precio desde el home de acciones internacionales?
Falcon,RVI,AMP-13-0208,,,,,,⚫ VACÍO / SIN DATOS,Completar Documentación,0,,,,,
Falcon,RVI,AMP-13-0209,cash_in,CashIn_OptionsTransaction_STKPE,,standard_list_item,PE,🔴 SIN RASTRO,Deprecar / Implementar de cero,0,,,,"Recopilar información detallada sobre la experiencia del usuario al interactuar con la nueva funcionalidad de alertas de precio personalizadas  y medir el nivel de adopción de esta funcionalidad entre los usuarios de la aplicación. Se busca identificar puntos de fricción, evaluar la claridad de la interfaz, comprender las preferencias de configuración (precio vs. porcentaje) y determinar la frecuencia de uso y gestión de las alertas. ",¿Cuantos usuarios acceden a la funcionalidad de funding wallet?
Falcon,RVI,AMP-13-0210,cash_in,CashIn_OptionsTransaction_STKCO,,standard_list_item,CO,🔴 SIN RASTRO,Deprecar / Implementar de cero,0,,,,"Recopilar información detallada sobre la experiencia del usuario al interactuar con la nueva funcionalidad de alertas de precio personalizadas  y medir el nivel de adopción de esta funcionalidad entre los usuarios de la aplicación. Se busca identificar puntos de fricción, evaluar la claridad de la interfaz, comprender las preferencias de configuración (precio vs. porcentaje) y determinar la frecuencia de uso y gestión de las alertas. ",¿Cuantos usuarios acceden a la funcionalidad de funding wallet?
Falcon,RVI,AMP-13-0211,cash_in,Fundingwallets_Walkthrough,,action_button,"PE, CO",🔴 SIN RASTRO,Deprecar / Implementar de cero,0,,,,"Buscamos entender el comportamiento de los usuarios en el Flujo de ""Funding Wallet""teniendo como finalidad de negocio aumentar la conversión de este flujo .




",¿Cuántos usuarios activan la funcionalidad de Funding Wallets?
Falcon,RVI,AMP-13-0212,cash_in,RVI_OptiontransferEEUU_PE,,standard_list_item,PE,🔴 SIN RASTRO,Deprecar / Implementar de cero,0,,,,"Analizar la adopción de Power Cash como producto independiente, midiendo el acceso, la frecuencia de uso, la generación de ingresos (CASH IN) y la conversión de usuarios a acciones internacionales.",¿Cuál es el número de usuarios que acceden a los datos de su funding wallet para realizar la transferencia?
Falcon,RVI,AMP-13-0213,cash_in,RVI_OptiontransferEEUU_PE,,standard_list_item,CO,🔴 SIN RASTRO,Deprecar / Implementar de cero,0,,,,"Analizar la adopción de Power Cash como producto independiente, midiendo el acceso, la frecuencia de uso, la generación de ingresos (CASH IN) y la conversión de usuarios a acciones internacionales.",¿Cuál es el número de usuarios que acceden a los datos de su funding wallet para realizar la transferencia?
Falcon,RVI,AMP-13-0214,cash_out,CashOut_Options_STKPE,,standard_list_item,PE,🔴 SIN RASTRO,Deprecar / Implementar de cero,0,,,,"Recopilar información detallada sobre la experiencia del usuario al interactuar con la nueva funcionalidad de alertas de precio personalizadas  y medir el nivel de adopción de esta funcionalidad entre los usuarios de la aplicación. Se busca identificar puntos de fricción, evaluar la claridad de la interfaz, comprender las preferencias de configuración (precio vs. porcentaje) y determinar la frecuencia de uso y gestión de las alertas. ",¿Cuantos usuarios acceden a la funcionalidad de funding wallet CashOut?
Falcon,RVI,AMP-13-0215,cash_out,CashOut_Options_STKCO,,standard_list_item,CO,🔴 SIN RASTRO,Deprecar / Implementar de cero,0,,,,"Recopilar información detallada sobre la experiencia del usuario al interactuar con la nueva funcionalidad de alertas de precio personalizadas  y medir el nivel de adopción de esta funcionalidad entre los usuarios de la aplicación. Se busca identificar puntos de fricción, evaluar la claridad de la interfaz, comprender las preferencias de configuración (precio vs. porcentaje) y determinar la frecuencia de uso y gestión de las alertas. ",¿Cuantos usuarios acceden a la funcionalidad de funding wallet CashOut?
Falcon,RVI,AMP-13-0216,cash_out,Fundingwallets_Walkthrough_CO2,,action_button,"CO, PE",🔴 SIN RASTRO,Deprecar / Implementar de cero,0,,,,"Buscamos entender el comportamiento de los usuarios en el Flujo de ""Funding Wallet""teniendo como finalidad de negocio aumentar la conversión de este flujo .




",¿Cuántos usuarios activan la funcionalidad de Funding Wallets CashOut?
Falcon,RVI,AMP-13-0217,cash_out,CashOut_AddAmount_STK_FW,,action_button,"CO, PE",🔴 SIN RASTRO,Deprecar / Implementar de cero,0,,,,Buscamos entender el comportamiento de los usuarios en el Flujo de Cash In Pe teniendo como finalidad de negocio aumentar la conversión de este flujo y así aumentar el NNM.,¿Cual es el porcentaje de conversión de clientes por pantalla en el flujo de Cash out Funding wallet?
Falcon,RVI,AMP-13-0218,cash_in,CashIn_SelectBank_STKCO,CashIn_Abort,action_button,CO,🔴 SIN RASTRO,Deprecar / Implementar de cero,0,,,,"Queremos entender el comportamiento de los usuarios en el flujo de cash in, identificando la cantidad de clientes que abandonan la intención de inversión y su frecuencia","¿Cuantos usuarios confirman la ""salida del cash in"" justo antes de iniciar la transferencia?"
Falcon,RVI,AMP-13-0219,Home,HomeAcciones,,action_button,"CO, PE",🔴 SIN RASTRO,Deprecar / Implementar de cero,0,,,,,¿Cuantos usuarios acceden a la vinculación desde el banner del home?
Falcon,RVI,AMP-13-0220,Portfolio,Portfolio_Main_Empty_STK,,action_button,"CO, PE",🔴 SIN RASTRO,Deprecar / Implementar de cero,0,,,,,¿Cuántos usuarios acceden a la vinculación desde el portafolio?
Falcon,RVI,AMP-13-0221,Home,HomeAcciones,,card,"CO, PE",🔴 SIN RASTRO,Deprecar / Implementar de cero,0,,,,,¿Cuántos usuarios acceden a explorar ETFs desde el banner del home?
Falcon,RVI,AMP-13-0222,ETFs,ETF_Walktrought,,action_button,"CO, PE",🔴 SIN RASTRO,Deprecar / Implementar de cero,0,,,,,¿Cuántos usuarios marcan haber entendido el walkthrough de ETFs?
Falcon,RVI,AMP-13-0223,ETFs,ETF_Walktrought,,icon_button,"CO, PE",🔴 SIN RASTRO,Deprecar / Implementar de cero,0,,,,,¿Cuántos usuarios regresan despúes de haber abierto el walkthrough de ETFs?
Falcon,RVI,AMP-13-0224,ETFs,Explore_ETFsList_STK,,Chip,"CO, PE",🔴 SIN RASTRO,Deprecar / Implementar de cero,0,,,,,"¿Cuántos usuarios entran a la categoría de ""Para empezar"" en ETFs?"
Falcon,RVI,AMP-13-0225,ETFs,Explore_ETFsList_STK,,Chip,"CO, PE",🔴 SIN RASTRO,Deprecar / Implementar de cero,0,,,,,"¿Cuántos usuarios entran a la categoría de ""Futuro en crecimiento"" en ETFs?"
Falcon,RVI,AMP-13-0226,ETFs,Explore_ETFsList_STK,,Chip,"CO, PE",🔴 SIN RASTRO,Deprecar / Implementar de cero,0,,,,,"¿Cuántos usuarios entran a la categoría de ""Estabilidad y rendimiento"" en ETFs?"
Falcon,RVI,AMP-13-0227,ETFs,Explore_ETFsList_STK,,Chip,"CO, PE",🔴 SIN RASTRO,Deprecar / Implementar de cero,0,,,,,"¿Cuántos usuarios entran a la categoría de ""Estrategias y oportunidades"" en ETFs?"
Falcon,RVI,AMP-13-0228,Home,HomeAcciones,,input_field,"CO, PE",🔴 SIN RASTRO,Deprecar / Implementar de cero,0,,,,,¿Cuántos usuarios entran al buscador desde el home?
Falcon,RVI,AMP-13-0229,Home,HomeAcciones,,card,"CO, PE",🔴 SIN RASTRO,Deprecar / Implementar de cero,0,,,,,¿Cuántos usuarios entran a calendario de dividendos desde el home?
Falcon,RVI,AMP-13-0230,Calendario de dividendos,DividendCalendar_viewTodos,,Chip,"CO, PE",🔴 SIN RASTRO,Deprecar / Implementar de cero,0,,,,,¿Cuántos usuarios seleccionan el mes siguiente en calendario de dividendos?
Falcon,RVI,AMP-13-0231,Calendario de dividendos,DividendCalendar_viewTodos,,action_tab,"CO, PE",🔴 SIN RASTRO,Deprecar / Implementar de cero,0,,,,,¿Cuántos usuarios entran a mi portafolio en Calendario de dividendos?
Falcon,RVI,AMP-13-0232,Calendario de dividendos,DividendCalendar_viewTodos,,icon_button,"CO, PE",🔴 SIN RASTRO,Deprecar / Implementar de cero,0,,,,,¿Cuántos usuarios acceden a preguntas frecuentes en Calendario de dividendos?
Falcon,RVI,AMP-13-0233,Exploration,BenefitsVinculationRVI,,icon_button,"CO, PE",🔴 SIN RASTRO,Deprecar / Implementar de cero,0,,,,,¿Cuántos usuarios salen de la pantalla decisional de vinculación?
Falcon,RVI,AMP-13-0234,Exploration,BenefitsVinculationRVI,,action_button,"CO, PE",🔴 SIN RASTRO,Deprecar / Implementar de cero,0,,,,,¿Cuántos usuarios continuan a la vinculación?
Falcon,RVI,AMP-13-0235,Exploration,BenefitsVinculationRVI,,action_button,"CO, PE",🔴 SIN RASTRO,Deprecar / Implementar de cero,0,,,,,¿Cuántos usuarios continuan a la vinculación?
Falcon,RVI,AMP-13-0236,Product detail,ProductDetail_Stock,,collapsible_item,"CO, PE",🔴 SIN RASTRO,Deprecar / Implementar de cero,0,,,,,¿Cuántos usuarios despliegan dividendos desde el product detail?
Falcon,RVI,AMP-13-0237,CC Invest,Home_CO_Mobile / Home_PE_Mobile,,card_tap,"CO, PE",🔴 SIN RASTRO,Deprecar / Implementar de cero,0,,,,,¿Cuantos usuarios acceden a la card de cc invest en dashboard?
Falcon,RVI,AMP-13-0238,CC Invest,Aceptación_saldos_CCI,,action_button,"CO, PE",🔴 SIN RASTRO,Deprecar / Implementar de cero,0,,,,,¿Cuantos usuarios aceptan la autorización para visualizar sus saldos?
Falcon,RVI,AMP-13-0239,CC Invest,Product_CCInvest,,action_button,"CO, PE",🔴 SIN RASTRO,Deprecar / Implementar de cero,0,,,,,¿Cuantos usuarios ingresan a realizar una nueva inversión?
Falcon,RVI,AMP-13-0240,CC Invest,NuevaInversión_CCI,,standard_list_item,"CO, PE",🔴 SIN RASTRO,Deprecar / Implementar de cero,0,,,,,¿Cuantos usuarios seleccionan la opción de contactar a su asesor para una nueva inversión?
Falcon,RVI,AMP-13-0241,CC Invest,NuevaInversión_CCI,,standard_list_item,"CO, PE",🔴 SIN RASTRO,Deprecar / Implementar de cero,0,,,,,¿Cuantos usuario selecionan la opción de ir a la web de cc invest?
Falcon,RVI,AMP-13-0242,CC Invest,Modal_Redirect_ Web_CCI,,action_button,"CO, PE",🔴 SIN RASTRO,Deprecar / Implementar de cero,0,,,,,¿Cuantos usuario acceden a la web de cc invest?
Falcon,RVI,AMP-13-0243,Only Power Cash,Wallet_detail_Liquidation,,standard_list_item,"CO, PE",🔴 SIN RASTRO,Deprecar / Implementar de cero,0,,,,,"¿Cuántos usuarios ingresan a ""Saldo de ventas recientes"" desde Power Cash?"
Falcon,RVI,AMP-13-0244,cash_out,CashOut_AddAmount_STKCO,,collapsible_item,"CO, PE",🔴 SIN RASTRO,Deprecar / Implementar de cero,0,,,,,¿Cuántos usuarios despliegan el chevron de Power Cash disponible para retirar?
Falcon,RVI,AMP-13-0245,cash_out,CashOut_AddAmount_STKCO,,tooltip_button,"CO, PE",🔴 SIN RASTRO,Deprecar / Implementar de cero,0,,,,,"¿Cuántos usuarios abren el tooltip de ""Saldo de ventas recientes""?"
Falcon,RVI,AMP-13-0246,Portfolio,Portfolio_Main_STK,,standard_list_item,"CO, PE",🔴 SIN RASTRO,Deprecar / Implementar de cero,0,,,,,¿Cuántos usuarios abren el aviso del informe?
Falcon,RVI,AMP-13-0247,Portfolio,BenefitsAUMsRVI,,action_button,"CO, PE",🔴 SIN RASTRO,Deprecar / Implementar de cero,0,,,,,"¿Cuántos usuarios le dan tap a ""Invertir ahora""?"
Falcon,RVI,AMP-13-0248,Portfolio,BenefitsAUMsRVI2,,action_button,"CO, PE",🔴 SIN RASTRO,Deprecar / Implementar de cero,0,,,,,"¿Cuántos usuarios le dan tap a ""Invertir ahora""?"
Falcon2,RVI,AMP-2-0001,cash_in,Portfolio,,button,CL,🔴 SIN RASTRO,Deprecar / Implementar de cero,0,,,,Buscamos entender el comportamiento de los usuarios en la app durante el Flujo de Cash in con la finalidad de aumentar el porcentaje de personas que ingresan dinero para invertir en acciones. Teniendo como meta principal de negocio aumentar el NNM y AUM en acciones,"¿Desde qué punto accede la mayor porcentaje de usuarios al Flujo de Cash in?, ¿Cual es el porcentaje de conversión de clientes por pantalla en Cash in?"
Falcon2,RVI,AMP-2-0002,cash_in,Transactions,,Button,CL,🔴 SIN RASTRO,Deprecar / Implementar de cero,0,,,,Buscamos entender el comportamiento de los usuarios en la app durante el Flujo de Cash in con la finalidad de aumentar el porcentaje de personas que ingresan dinero para invertir en acciones. Teniendo como meta principal de negocio aumentar el NNM y AUM en acciones,"¿Desde qué punto accede la mayor porcentaje de usuarios al Flujo de Cash in?, ¿Cual es el porcentaje de conversión de clientes por pantalla en Cash in?"
Falcon2,RVI,AMP-2-0003,cash_in,Movements_Home_CL_STK,,Button,,🔴 SIN RASTRO,Deprecar / Implementar de cero,0,,,,Buscamos entender el comportamiento de los usuarios en la app durante el Flujo de Cash in con la finalidad de aumentar el porcentaje de personas que ingresan dinero para invertir en acciones. Teniendo como meta principal de negocio aumentar el NNM y AUM en acciones,"¿Desde qué punto accede la mayor porcentaje de usuarios al Flujo de Cash in?, ¿Cual es el porcentaje de conversión de clientes por pantalla en Cash in?"
Falcon2,RVI,AMP-2-0004,cash_in,PurchaseOrder_NoCreditModal_STKCL,, ,CL,🔴 SIN RASTRO,Deprecar / Implementar de cero,0,,,,Buscamos entender el comportamiento de los usuarios en la app durante el Flujo de Cash in con la finalidad de aumentar el porcentaje de personas que ingresan dinero para invertir en acciones. Teniendo como meta principal de negocio aumentar el NNM y AUM en acciones,"¿Desde qué punto accede la mayor porcentaje de usuarios al Flujo de Cash in?, ¿Cual es el porcentaje de conversión de clientes por pantalla en Cash in?"
Falcon2,RVI,AMP-2-0005,cash_in,PurchaseOrder_NoCreditModal_STKCL,,Button,CL,🔴 SIN RASTRO,Deprecar / Implementar de cero,0,,,,Buscamos entender el comportamiento de los usuarios en la app durante el Flujo de Cash in con la finalidad de aumentar el porcentaje de personas que ingresan dinero para invertir en acciones. Teniendo como meta principal de negocio aumentar el NNM y AUM en acciones,"¿Desde qué punto accede la mayor porcentaje de usuarios al Flujo de Cash in?, ¿Cual es el porcentaje de conversión de clientes por pantalla en Cash in?"
Falcon2,RVI,AMP-2-0006,cash_in,PurchaseOrder_LimitOrder_NoCreditModal_STKCL,,Button,CL,🔴 SIN RASTRO,Deprecar / Implementar de cero,0,,,,Buscamos entender el comportamiento de los usuarios en la app durante el Flujo de Cash in con la finalidad de aumentar el porcentaje de personas que ingresan dinero para invertir en acciones. Teniendo como meta principal de negocio aumentar el NNM y AUM en acciones,"¿Desde qué punto accede la mayor porcentaje de usuarios al Flujo de Cash in?, ¿Cual es el porcentaje de conversión de clientes por pantalla en Cash in?"
Falcon2,RVI,AMP-2-0007,cash_in,CashIn_AddAmount_CLSTK,,Button,,🔴 SIN RASTRO,Deprecar / Implementar de cero,0,,,,Buscamos entender el comportamiento de los usuarios en la app durante el Flujo de Cash in con la finalidad de aumentar el porcentaje de personas que ingresan dinero para invertir en acciones. Teniendo como meta principal de negocio aumentar el NNM y AUM en acciones,¿Cual es el porcentaje de conversión de clientes por pantalla en Cash in?
Falcon2,RVI,AMP-2-0008,cash_in,CashIn_StampedAmount_CLSTK,,Button,,🔴 SIN RASTRO,Deprecar / Implementar de cero,0,,,,Buscamos entender el comportamiento de los usuarios en la app durante el Flujo de Cash in con la finalidad de aumentar el porcentaje de personas que ingresan dinero para invertir en acciones. Teniendo como meta principal de negocio aumentar el NNM y AUM en acciones,¿Cual es el porcentaje de conversión de clientes por pantalla en Cash in?
Falcon2,RVI,AMP-2-0009,cash_in,CashIn_Selectbank_CLSTK,,Screen,,🔴 SIN RASTRO,Deprecar / Implementar de cero,0,,,,Buscamos entender el comportamiento de los usuarios en la app durante el Flujo de Cash in con la finalidad de aumentar el porcentaje de personas que ingresan dinero para invertir en acciones. Teniendo como meta principal de negocio aumentar el NNM y AUM en acciones,¿Cual es el porcentaje de conversión de clientes por pantalla en Cash in?
Falcon2,RVI,AMP-2-0010,cash_in,CashIn_Paymentsummary_CLSTK,,Button,CL,🔴 SIN RASTRO,Deprecar / Implementar de cero,0,,,,Buscamos entender el comportamiento de los usuarios en la app durante el Flujo de Cash in con la finalidad de aumentar el porcentaje de personas que ingresan dinero para invertir en acciones. Teniendo como meta principal de negocio aumentar el NNM y AUM en acciones,¿Cual es el porcentaje de conversión de clientes por pantalla en Cash in?
Falcon2,RVI,AMP-2-0011,cash_in,CashIn_Blockingview_CashInLimit_CL_STK,,Screen,,🔴 SIN RASTRO,Deprecar / Implementar de cero,0,,,,,¿Qué porcentaje de usuarios está alcanzando el límite de ingreso de dinero
Falcon2,RVI,AMP-2-0012,cash_in,CashIn_Blockingview_Investmentlimit_CL_STK,,Screen,,🔴 SIN RASTRO,Deprecar / Implementar de cero,0,,,,,¿Qué porcentaje de usuarios está alcanzando el límite de inversión
Falcon2,RVI,AMP-2-0013,cash_in,CashIn_BlockingView_Investmentinactivity_CL_STK,,Screen,,🔴 SIN RASTRO,Deprecar / Implementar de cero,0,,,,,¿Qué porcentaje de usuarios está alcanzando el límite de saldo sin invertir
Falcon2,RVI,AMP-2-0014,cash_in,CashIn_InvestmentLimit_BlockingView_STKCL,,screen,,🔴 SIN RASTRO,Deprecar / Implementar de cero,0,,,,,¿Qué porcentaje de usuarios está alcanzado el limite de inversión en la app
Falcon2,RVI, AMP-2-0015,Cash_out,Cashout_Addamount_STKCL,,button ,,🔴 SIN RASTRO,Deprecar / Implementar de cero,0,,,,Buscamos entender el comportamiento de los usuarios en la app durante el Flujo de Cash in con la finalidad de aumentar el porcentaje de personas que ingresan dinero para invertir en acciones. Teniendo como meta principal de negocio aumentar el NNM y AUM en acciones,¿Cual es el porcentaje de conversión de clientes por pantalla en Cash out?
Falcon2,RVI, AMP-2-0016,Cash_out,Cashout_AccountSelection_STKCL,,Button,,🔴 SIN RASTRO,Deprecar / Implementar de cero,0,,,,Buscamos entender el comportamiento de los usuarios en la app durante el Flujo de Cash in con la finalidad de aumentar el porcentaje de personas que ingresan dinero para invertir en acciones. Teniendo como meta principal de negocio aumentar el NNM y AUM en acciones,¿Cual es el porcentaje de conversión de clientes por pantalla en Cash out?
Falcon2,RVI, AMP-2-0017,Cash out,CashOut_InsertOTPCode_CL,,Button,,🔴 SIN RASTRO,Deprecar / Implementar de cero,0,,,,Buscamos entender el comportamiento de los usuarios en la app durante el Flujo de Cash in con la finalidad de aumentar el porcentaje de personas que ingresan dinero para invertir en acciones. Teniendo como meta principal de negocio aumentar el NNM y AUM en acciones,¿Cual es el porcentaje de conversión de clientes por pantalla en Cash out?
Falcon2,RVI, AMP-2-0018,Cash out,Cashout_Summary_CL,,Button,,🔴 SIN RASTRO,Deprecar / Implementar de cero,0,,,,Buscamos entender el comportamiento de los usuarios en la app durante el Flujo de Cash in con la finalidad de aumentar el porcentaje de personas que ingresan dinero para invertir en acciones. Teniendo como meta principal de negocio aumentar el NNM y AUM en acciones,¿Cual es el porcentaje de conversión de clientes por pantalla en Cash out?
Falcon2,RVI,AMP-2-0019,Cash_in,CashIn_Summary_CL_STK,,Button,,🔴 SIN RASTRO,Deprecar / Implementar de cero,0,,,,Buscamos entender el comportamiento de los usuarios en la app durante el Flujo de Cash in con la finalidad de aumentar el porcentaje de personas que ingresan dinero para invertir en acciones. Teniendo como meta principal de negocio aumentar el NNM y AUM en acciones,¿Cual es el porcentaje de conversión de clientes por pantalla en Cash in?
Falcon2,RVI,AMP-2-2020,Cash_in,CashIn_Pendindtransaction_CL_STK,,button ,,🔴 SIN RASTRO,Deprecar / Implementar de cero,0,,,,Buscamos entender el comportamiento de los usuarios en la app durante el Flujo de Cash in con la finalidad de aumentar el porcentaje de personas que ingresan dinero para invertir en acciones. Teniendo como meta principal de negocio aumentar el NNM y AUM en acciones,¿Cuál es el porcentaje de usuarios que retoman una transacciónde Cash in pendiente?
Falcon2,RVI,AMP-2-2021,Cash_in,CashIn_Pendindtransaction_CL_STK,,button ,,🔴 SIN RASTRO,Deprecar / Implementar de cero,0,,,,,¿Cuál es el porcentaje de usuarios que inician una nueva transacción de  Cash in 
Fury,TRANSVERSAL,AMP-1-0001,register,Onboarding_RegisterSuccess,register completed,screen,"co, pe y cl",🟢 VIVO (Exacto),Mantener,72931,Fila 61,Fila 159,packages/features/generic/authentication/module/lib/core/attribution/events.dart,,¿Cuantas personas se registran en tyba de forma satisfactoria?
Fury,TRANSVERSAL,AMP-1-0002,product_selection,Onboarding_CDTModal,product selected,action_button_clicked,co,"🟠 DISPARA, NO ESTÁ EN CÓDIGO",Revisar naming en código FE,31367,Fila 122,,,,"¿Cuantas personas seleccionan un producto de forma satisfactoria?, ¿Cuantas personas crean un perfil de forma satisfactoria?"
Fury,TRANSVERSAL,AMP-1-0003,product_selection,Onboarding_FPVModal,product selected,action_button_clicked,co,"🟠 DISPARA, NO ESTÁ EN CÓDIGO",Revisar naming en código FE,14568,Fila 174,,,,¿Cuantas personas seleccionan un producto de forma satisfactoria?
Fury,TRANSVERSAL,AMP-1-0004,product_selection,Onboarding_PocketModal,product selected,action_button_clicked,co y pe,"🟠 DISPARA, NO ESTÁ EN CÓDIGO",Revisar naming en código FE,55860,Fila 79,,,,"¿Cuantas personas seleccionan un producto de forma satisfactoria?, ¿Cuantas personas crean un perfil de forma satisfactoria?"
Fury,TRANSVERSAL,AMP-1-0005,product_selection,Onboarding_FICModal,product selected,action_button_clicked,"co, pe y cl","🟠 DISPARA, NO ESTÁ EN CÓDIGO",Revisar naming en código FE,237889,Fila 16,,,,¿Cuantas personas seleccionan un producto de forma satisfactoria?
Fury,TRANSVERSAL,AMP-1-0006,profiling,Profiling_SelectProfile,profile completed,button_clicked,"co, pe y cl",🟢 VIVO (Exacto),Mantener,223734,Fila 30,Fila 414,packages/features/generic/risk_profile/module/lib/core/attribution/events.dart,,¿Cuantas personas crean un perfil de forma satisfactoria?
Fury,FIC,AMP-1-0007,product_creation,"FIC_GoalCreated, ",SQI_CreationSuccess,button_clicked,co y cl,🟢 VIVO (Exacto),Mantener,74296,Fila 91,Fila 16,packages/features/core/fic/module/lib/core/attribution/events.dart,,¿Cuantas personas adquieren un producto de forma satisfactoria?
Fury,CDT,AMP-1-0008,product_creation,CDT_ Summary_CO,product created,action_button_clicked,co,🟢 VIVO (Exacto),Mantener,42128,Fila 137,Fila 2,packages/features/core/cdt/module/lib/core/attribution/events.dart,,¿Cuantas personas adquieren un producto de forma satisfactoria?
Fury,FVP,AMP-1-0009,product_creation,FPV_GoalCreated,product created,screen,co,🟢 VIVO (Exacto),Mantener,3404,Fila 287,Fila 18,packages/features/core/fpv/module/lib/core/attribution/events.dart,,¿Cuantas personas adquieren un producto de forma satisfactoria?
Fury,POCKET,AMP-1-0010,product_creation,Pocket_Success,Product_Created,screen,pe y co,🟢 VIVO (Exacto),Mantener,19722,Fila 150,Fila 122,packages/features/core/pocket/module/lib/core/attribution/events.dart,,¿Cuantas personas adquieren un producto de forma satisfactoria?
Fury,KYC,AMP-1-0011,kyc,KYC_SuccessVinculation,kyc completed,screen,"co, pe y cl",🟢 VIVO (Exacto),Mantener,10452,Fila 202,Fila 396,packages/features/generic/kyc/module/lib/core/attribution/events.dart,,¿Cuantas personas completan con exito su KYC?
Fury,TRANSVERSAL,AMP-1-0012,requested_cash_in,FPVCashin_PSESucessSteps_CO,cashin completed,screen,co,"🟠 DISPARA, NO ESTÁ EN CÓDIGO",Revisar naming en código FE,5729,Fila 236,,,,¿Cuantas personas adquieren hacer un primer cash in de forma satisfactoria?
Fury,CDT,AMP-1-0013,requested_cash_in,CDTCreation_KYCValidaton_CO,cashin completed,screen,co,"🟠 DISPARA, NO ESTÁ EN CÓDIGO",Revisar naming en código FE,263,Fila 376,,,,¿Cuantas personas adquieren hacer un primer cash in de forma satisfactoria?
Fury,FIC,AMP-1-0014,requested_cash_in,FIC_SuccessfulTransaction,cashin completed,screen,"co,pe y cl","🟠 DISPARA, NO ESTÁ EN CÓDIGO",Revisar naming en código FE,96505,Fila 83,,,,¿Cuantas personas adquieren hacer un primer cash in de forma satisfactoria?
Fury,POCKET,AMP-1-0015,requested_cash_in,CashIn_Success,cashin completed,screen,pe,"🟠 DISPARA, NO ESTÁ EN CÓDIGO",Revisar naming en código FE,555,Fila 370,,,,¿Cuantas personas adquieren hacer un primer cash in de forma satisfactoria?
Fury,RVI,AMP-1-0016,requested_cash_in,CashIn_Success,cashin completed,screen,"CO, PE & CL","🟠 DISPARA, NO ESTÁ EN CÓDIGO",Revisar naming en código FE,18712,Fila 370,,,Buscamos entender la adopción que tienen las personas de la TML en peru para llegar al cumplimiento del NNM con la finalidad de aumentar el % de conversión de personas al uso de los beneficios.,"¿Cuantas personas adquieren hacer un primer cash in de forma satisfactoria?, ¿Cuantas personas entran a la TML por el dashboard?, ¿Cuantas personas entran a la TML por ajuste/cuenta?, ¿Cuantas personas entran a la TML por flujo de codigo promocional/cash in?"
Fury,RVI,AMP-1-0016,requested_cash_in,CashIn_Success,cashin completed,screen,"CO, PE & CL","🟠 DISPARA, NO ESTÁ EN CÓDIGO",Revisar naming en código FE,18712,Fila 370,,,Buscamos entender la adopción que tienen las personas de la TML en peru para llegar al cumplimiento del NNM con la finalidad de aumentar el % de conversión de personas al uso de los beneficios.,"¿Cuantas personas adquieren hacer un primer cash in de forma satisfactoria?, ¿Cuantas personas entran a la TML por el dashboard?, ¿Cuantas personas entran a la TML por ajuste/cuenta?, ¿Cuantas personas entran a la TML por flujo de codigo promocional/cash in?"
Fury,TRANSVERSAL,AMP-1-0017,tml,TML_Benefits,Tml_Exited,back_button_clicked,"co, pe",🟢 VIVO (Exacto),Mantener,70481,Fila 60,Fila 443,packages/features/support/master_league/module/lib/core/attribution/events.dart,Buscamos entender la adopción que tienen las personas de la TML en peru para llegar al cumplimiento del NNM con la finalidad de aumentar el % de conversión de personas al uso de los beneficios.,"¿Cual es la tasa de rebote del dashboard?, ¿Cual es la tasa de rebote de ajuste/cuenta?, ¿Cual es la tasa de rebote de codigo promocional/cash in?"
Fury,TRANSVERSAL,AMP-1-0018,tml,TML_Benefits_CO,Tml _Bonus_Selected,action_button_clicked,"co, pe",🔴 SIN RASTRO,Deprecar / Implementar de cero,0,,,,"Buscamos entender el comportamiento de las personas frente a la TML Co (plan de lealtad) para cumplir con el NNM con el fin de aumentar el engagement de las personas usando la TML.


Buscamos entender la adopción que tienen las personas de la TML en peru para llegar al cumplimiento del NNM con la finalidad de aumentar el % de conversión de personas al uso de los beneficios.","¿Cuantas personas entran a las secciónes? dividido por sección, ¿Cuanto tiempo dura una persona dentro de cada sección (cash back, referidos)?"
Fury,TRANSVERSAL,AMP-1-0019,tml,"TML_LevelDashboardCodeAvailable_CO , TML_Cashback_PE",Tml _Bonus_Copied,action_button_clicked,"co, pe","🟠 EN CÓDIGO, NO DISPARA",Revisar trigger en código,0,,Fila 445,packages/features/support/master_league/module/lib/core/attribution/events.dart,"Buscamos entender la adopción que tienen las personas de la TML en peru para llegar al cumplimiento del NNM con la finalidad de aumentar el % de conversión de personas al uso de los beneficios.

Buscamos entender el comportamiento de las personas frente a la TML Co (plan de lealtad) para cumplir con el NNM con el fin de aumentar el engagement de las personas usando la TML.
","¿Cuantas personas copiaron el codigo de la liga?, ¿Cuantas personas copian y no intentan un cash in? dividido por codigo y por segmento de tml."
Fury,TRANSVERSAL,AMP-1-0020,tml,TML_Refer,Tml_Referal_Code_Copied,action_button_clicked,"co, pe",🟢 VIVO (Exacto),Mantener,1503,Fila 314,Fila 446,packages/features/support/master_league/module/lib/core/attribution/events.dart,Buscamos entender la adopción que tienen las personas de la TML en peru para llegar al cumplimiento del NNM con la finalidad de aumentar el % de conversión de personas al uso de los beneficios.,¿Cuantas personas copieron su codigo de referido?
Fury,TRANSVERSAL,AMP-1-0021,tml,TML_Refer,Tml_Code_Shared,action_button_clicked,"co, pe",🟢 VIVO (Exacto),Mantener,3112,Fila 278,Fila 449,packages/features/support/referrals/module/lib/core/attribution/events.dart,Buscamos entender la adopción que tienen las personas de la TML en peru para llegar al cumplimiento del NNM con la finalidad de aumentar el % de conversión de personas al uso de los beneficios.,¿Cuantas personas compartieron su codigo de referidos? divido segun el medio
Fury,TRANSVERSAL,AMP-1-0022,tml,TML_Alianzas_CO,Tml_Asesoria,screen_view,"co, pe",🔴 SIN RASTRO,Deprecar / Implementar de cero,0,,,,Buscamos entender la adopción que tienen las personas de la TML en peru para llegar al cumplimiento del NNM con la finalidad de aumentar el % de conversión de personas al uso de los beneficios.,¿Cual es la tasa de rebote del uso de asesoria para profesionales?
Fury,TRANSVERSAL,AMP-1-0023,Club tyba,,,,,⚫ VACÍO / SIN DATOS,Completar Documentación,0,,,,,
Fury,TRANSVERSAL,AMP-1-0024,Club tyba,,,,,⚫ VACÍO / SIN DATOS,Completar Documentación,0,,,,,
Fury,TRANSVERSAL,AMP-1-0025,Club tyba,,,,,⚫ VACÍO / SIN DATOS,Completar Documentación,0,,,,,
Fury,TRANSVERSAL,AMP-1-0026,CDT,,,,,⚫ VACÍO / SIN DATOS,Completar Documentación,0,,,,,
Fury,TRANSVERSAL,AMP-1-0027,CDT,,,,,⚫ VACÍO / SIN DATOS,Completar Documentación,0,,,,,
Fury,TRANSVERSAL,AMP-1-0028,CDT,,,,,⚫ VACÍO / SIN DATOS,Completar Documentación,0,,,,,
Fury,TRANSVERSAL,AMP-1-0029,CDT,"Haz ganado {$15,000} en cashback",,,,🔴 SIN RASTRO,Deprecar / Implementar de cero,0,,,,,
Fury,TRANSVERSAL,AMP-1-0030,dashboard,Dashboard_New_User,Dashboard,Card_Product_Reel,co,🔴 SIN RASTRO,Deprecar / Implementar de cero,0,,,,,¿Aumenta el cashin en el grupo de personas expuestas al carrusel de productos en la parte superior del dashboard en comparación con aquellas que no experimentan este cambio?
Fury,TRANSVERSAL,AMP-1-0031,dashboard,Dashboard_New_User,Dashboard,Card_Product_Reel,co,🔴 SIN RASTRO,Deprecar / Implementar de cero,0,,,,,¿Aumenta el cashin en el grupo de personas expuestas al carrusel de productos en la parte superior del dashboard en comparación con aquellas que no experimentan este cambio?
Fury,TRANSVERSAL,AMP-1-0032,dashboard,Dashboard_New_User,Dashboard,Card_Product_Reel,co,🔴 SIN RASTRO,Deprecar / Implementar de cero,0,,,,,¿Aumenta el cashin en el grupo de personas expuestas al carrusel de productos en la parte superior del dashboard en comparación con aquellas que no experimentan este cambio?
Fury,TRANSVERSAL,AMP-1-0033,dashboard,Dashboard_New_User,Dashboard,Card_Product_Reel,co,🔴 SIN RASTRO,Deprecar / Implementar de cero,0,,,,,¿Aumenta el cashin en el grupo de personas expuestas al carrusel de productos en la parte superior del dashboard en comparación con aquellas que no experimentan este cambio?
Fury,TRANSVERSAL,AMP-1-0034,dashboard,Dashboard_New_User,Dashboard,Card_Product_Reel,co,🔴 SIN RASTRO,Deprecar / Implementar de cero,0,,,,,¿Aumenta el cashin en el grupo de personas expuestas al carrusel de productos en la parte superior del dashboard en comparación con aquellas que no experimentan este cambio?
Master,TRANSVERSAL,AMP-1-0001,register_attribution,Onboarding_RegisterSuccess,register completed,screen,,🟢 VIVO (Exacto) (⚠️ Colisión),Mantener,72931,Fila 61,Fila 159,packages/features/generic/authentication/module/lib/core/attribution/events.dart,,Este evento se genera una vez el usuario se ha registrado con exito tyba.
Master,TRANSVERSAL,AMP-1-0006,profiling_attribution,Profiling_SelectProfile,profile completed,button_clicked,,🟢 VIVO (Exacto) (⚠️ Colisión),Mantener,223734,Fila 74,Fila 414,packages/features/generic/risk_profile/module/lib/core/attribution/events.dart,,Este evento se genera una vez lo usuarios se perfilan satisfactoriamente
Master,TRANSVERSAL,AMP-1-0044,product_selection,"Onboarding_ProductOffer_CO 
Onboarding_ProductOffer_PE
Onboarding_ProductOffer_CL",onboarding product offer,action button,,"🟠 DISPARA, NO ESTÁ EN CÓDIGO",Revisar naming en código FE,57092,Fila 94,,,,Este evento se genera una vez el usuario escoja un producto en onboarding para invertir.
Master,TRANSVERSAL,AMP-1-0045,product_selection,Onboarding_ProductOffer_CO,Onboarding product offer,action button,,"🟠 DISPARA, NO ESTÁ EN CÓDIGO",Revisar naming en código FE,20912,Fila 148,,,,Este evento se genera una vez el usuario escoja un producto en onboarding para invertir.
Master,TRANSVERSAL,AMP-1-0046,product_creation,Onboarding_ProductOffer_CO,Onboarding product offer,action button,,"🟠 DISPARA, NO ESTÁ EN CÓDIGO",Revisar naming en código FE,12318,Fila 191,,,,Este evento se genera una vez el usuario escoja un producto en onboarding para invertir.
Master,TRANSVERSAL,AMP-1-0047,product_selection,"Onboarding_ProductOffer_CO 
Onboarding_ProductOffer_PE
Onboarding_ProductOffer_CL",Onboarding product offer,action button,,"🟠 DISPARA, NO ESTÁ EN CÓDIGO",Revisar naming en código FE,121236,Fila 55,,,,Este evento se genera una vez el usuario escoja un producto en onboarding para invertir.
Master,TRANSVERSAL,AMP-1-0048,product_selection,"Onboarding_ProductOffer_CO 
Onboarding_ProductOffer_PE
",Onboarding product offer,action button,,"🟠 DISPARA, NO ESTÁ EN CÓDIGO",Revisar naming en código FE,123584,Fila 50,,,,Este evento se genera una vez el usuario escoja un producto en onboarding para invertir.
Master,TRANSVERSAL,AMP-1-0049,product_creation,Onboarding_ProductOffer_PE,Onboarding product offer,action button,,"🟠 DISPARA, NO ESTÁ EN CÓDIGO",Revisar naming en código FE,32913,Fila 116,,,,Este evento se genera una vez el usuario escoja un producto en onboarding para invertir.
Master,TRANSVERSAL,AMP-1-0050,product_creation,Onboarding_ProductOffer_CL,Onboarding product offer,action button,,"🟠 DISPARA, NO ESTÁ EN CÓDIGO",Revisar naming en código FE,553,Fila 368,,,,Este evento se genera una vez el usuario escoja un producto en onboarding para invertir.
Master,TRANSVERSAL,AMP-1-0051,product_creation,"Onboarding_ProductOffer_CO 
Onboarding_ProductOffer_PE
",onboarding product offer,action button,,"🟠 DISPARA, NO ESTÁ EN CÓDIGO",Revisar naming en código FE,27038,Fila 149,,,,Este evento se genera una vez el usuario escoja un producto en onboarding para invertir.
Master,TRANSVERSAL,AMP-1-0002,product_selection,Onboarding_CDTModal,product selected,action_button_clicked,,"🟠 DISPARA, NO ESTÁ EN CÓDIGO",Revisar naming en código FE,31367,Fila 122,,,,Este evento se genera una vez lo usuarios eligen el producto de Tyba CDT en vitrina
Master,TRANSVERSAL,AMP-1-0003,product_selection,Onboarding_FPVModal,product selected,action_button_clicked,,"🟠 DISPARA, NO ESTÁ EN CÓDIGO",Revisar naming en código FE,14568,Fila 174,,,,Este evento se genera una vez lo usuarios eligen el producto de Tyba FPV
Master,TRANSVERSAL,AMP-1-0004,product_selection,Onboarding_PocketModal,product selected,action_button_clicked,,"🟠 DISPARA, NO ESTÁ EN CÓDIGO",Revisar naming en código FE,55860,Fila 79,,,,Este evento se genera una vez lo usuarios eligen el producto de Tyba Pocket
Master,TRANSVERSAL,AMP-1-0005,product_selection,Onboarding_FICModal,product selected,action_button_clicked,,"🟠 DISPARA, NO ESTÁ EN CÓDIGO",Revisar naming en código FE,237889,Fila 16,,,,Este evento se genera una vez lo usuarios eligen el producto de Tyba FIC
Master,KYC,AMP-1-0011,kyc_attribution,KYC_Vinculation_Success,kyc completed,screen,,🟢 VIVO (Exacto) (⚠️ Colisión),Mantener,10452,Fila 202,Fila 396,packages/features/generic/kyc/module/lib/core/attribution/events.dart,,Este evento se genera una vez los usuarios completan su vinculación
Master,FVP,AMP-1-0012,requested_cash_in_attribution,CashIn_SuccessResult_FPVCO,cash in completed,screen,,"🟠 DISPARA, NO ESTÁ EN CÓDIGO",Revisar naming en código FE,5729,Fila 236,,,,Este evento se genera una vez los usuarios completan su primer cash in en FPV
Master,CDT,AMP-1-0013,requested_cash_in_attribution,CDTCreation_KYCValidaton_CO,cash in completed,screen,,"🟠 DISPARA, NO ESTÁ EN CÓDIGO",Revisar naming en código FE,263,Fila 376,,,,Este evento se genera una vez los usuarios completan su primer cash in en CDT
Master,FIC,AMP-1-0014,requested_cash_in_attribution,FIC_SuccessfulTransaction_CO / Cashin_InvestmentInProcessFirstCI_PE / Cashin_InvestmentInProcessFirstCI_CL,cash in completed,screen,,"🟠 DISPARA, NO ESTÁ EN CÓDIGO",Revisar naming en código FE,96505,Fila 83,,,,Este evento se genera una vez los usuarios completan su primer cash in en FIC
Master,POCKET,AMP-1-0015,requested_cash_in_attribution,CashIn_Success_PSE /CashIn_Success_ACH,cash in completed,screen,,"🟠 DISPARA, NO ESTÁ EN CÓDIGO",Revisar naming en código FE,276,Fila 373,,,,Este evento se genera una vez los usuarios completan su primer cash in en Pocket
Master,RVI,AMP-1-0016,requested_cash_in_attribution,CashIn_PendingResult_STKCO / Cashin_PendingConfirmation_STKPE,cash in completed,screen,,"🟠 DISPARA, NO ESTÁ EN CÓDIGO",Revisar naming en código FE,18433,Fila 157,,,,Este evento se genera una vez los usuarios completan su primer cash in en Acciones
Master,KYC,AMP-1-0035,cash_in,KYC_IdentityVinculationInstructions_CO,cash in ,screen,,🟢 VIVO (Exacto),Mantener,1928,Fila 303,Fila 362,packages/features/generic/dashboard/module/lib/core/attribution/events.dart,,"Este evento se activa una vez que los usuarios realizan un cashin, tras haber leído el instructivo paso a paso."
Master,KYC,AMP-1-0036,cash_in,KYC_IdentityVinculationInstructions_CO,cash in ,icon,,🔴 SIN RASTRO,Deprecar / Implementar de cero,0,,,,,"Este evento se activa una vez que los usuarios realizan un cashin, tras haber leído el instructivo paso a paso."
Master,FIC,AMP-1-0037,cash_in,Step_To_Step1_Cashin_FIC,cash in ,screen,,🔴 SIN RASTRO,Deprecar / Implementar de cero,0,,,,,"Este evento se activa una vez que los usuarios realizan un cashin, tras haber leído el instructivo paso a paso."
Master,FIC,AMP-1-0038,cash_in,Step_To_Step1_Cashin_FIC,cash in ,button,,🔴 SIN RASTRO,Deprecar / Implementar de cero,0,,,,,"Este evento se activa una vez que los usuarios realizan un cashin, tras haber leído el instructivo paso a paso."
Master,FIC,AMP-1-0039,cash_in,Step_To_Step2_Cashin_FIC,cash in ,screen,,🔴 SIN RASTRO,Deprecar / Implementar de cero,0,,,,,"Este evento se activa una vez que los usuarios realizan un cashin, tras haber leído el instructivo paso a paso."
Master,FIC,AMP-1-0040,cash_in,Step_To_Step2_Cashin_FIC,cash in ,button,,🔴 SIN RASTRO,Deprecar / Implementar de cero,0,,,,,"Este evento se activa una vez que los usuarios realizan un cashin, tras haber leído el instructivo paso a paso."
Master,FIC,AMP-1-0041,cash_in,Step_To_Step3_Cashin_FIC,cash in ,screen,,🔴 SIN RASTRO,Deprecar / Implementar de cero,0,,,,,"Este evento se activa una vez que los usuarios realizan un cashin, tras haber leído el instructivo paso a paso."
Master,FIC,AMP-1-0042,cash_in,Step_To_Step3_Cashin_FIC,cash in ,button,,🔴 SIN RASTRO,Deprecar / Implementar de cero,0,,,,,"Este evento se activa una vez que los usuarios realizan un cashin, tras haber leído el instructivo paso a paso."
Master,FIC,AMP-1-0043,cash_in,Step_To_Step4_Cashin_FIC,cash in ,screen,,🔴 SIN RASTRO,Deprecar / Implementar de cero,0,,,,,"Este evento se activa una vez que los usuarios realizan un cashin, tras haber leído el instructivo paso a paso."
Master,FIC,AMP-1-0052,cash_in,FIC_InvestValue_CO,cash in ,button,,"🟠 DISPARA, NO ESTÁ EN CÓDIGO",Revisar naming en código FE,187977,Fila 46,,,,"Este evento se activa una vez que los usuarios realizan un cashin, tras haber leído el instructivo paso a paso."
Master,FIC,AMP-1-0053,cash_in,FIC_InvestValue_MultipleInvestments_CO,cash in ,button,,🟢 VIVO (Divergente · object 46%),Mantener,1979,Fila 305,Fila 254,packages/features/generic/cash_in/module/lib/core/attribution/events.dart,,Este evento se activa una vez que los usuarios ingresan el monto a invertir y hacen tap en continuar
Master,FIC,AMP-1-0054,cash_in,FIC_InvestSummary_CO,cash in ,button,,🟢 VIVO (Divergente · object 46%),Mantener,175174,Fila 43,Fila 255,packages/features/generic/cash_in/module/lib/core/attribution/events.dart,,Este evento se activa una vez que los usuarios realizan un cashin y hacen click en el botón invertir
Master,CDT,AMP-1-0055,cash_in,CDT_InvestSummary_CO,cash in ,button,,🟢 VIVO (Divergente · object 46%),Mantener,13229,Fila 184,Fila 257,packages/features/generic/cash_in/module/lib/core/attribution/events.dart,,Este evento se activa una vez que los usuarios realizan cashin en CDT
Master,FVP,AMP-1-0056,cash_in,CashIn_AddAmount_FPVCO,cash in ,button,,🟢 VIVO (Divergente · object 46%),Mantener,9522,Fila 206,Fila 258,packages/features/generic/cash_in/module/lib/core/attribution/events.dart,,Este evento se activa una vez que los usuarios realizan cashin en FVP
Master,FVP,AMP-1-0057,cash_in,CashIn_Sumary_FPVCO,cash in ,button,,🟢 VIVO (Divergente · object 46%),Mantener,8408,Fila 212,Fila 259,packages/features/generic/cash_in/module/lib/core/attribution/events.dart,,Este evento se activa una vez que los usuarios realizan cashin en FVP
Master,POCKET,AMP-1-0058,cash_in,POCKET_InvestSummary_CO,cash in ,button,,🟢 VIVO (Divergente · object 46%),Mantener,13753,Fila 181,Fila 260,packages/features/generic/cash_in/module/lib/core/attribution/events.dart,,Este evento se activa una vez que los usuarios realizan cashin en Pocket
Master,CDT,AMP-1-0026,cash_in,PromoCode_Banner_CDT,promotional banner code,card promo code,,"🟠 DISPARA, NO ESTÁ EN CÓDIGO",Revisar naming en código FE,1815,Fila 324,,,,Este evento se activa una vez que los usuarios hacen click en la cajita de código promocional
Master,CDT,AMP-1-0027,cash_in,PromeCode_Button_Apply_Code_CDT,button apply code,Button,,🔴 SIN RASTRO,Deprecar / Implementar de cero,0,,,,,Este evento se activa una vez que los usuarios hacen click en la cajita de código promocional
Master,CDT,AMP-1-0028,cash_in,PromoCode_Input_Apply_Code_CDT,input apply code,Input button,,"🟠 DISPARA, NO ESTÁ EN CÓDIGO",Revisar naming en código FE,777,Fila 356,,,,Este evento se activa una vez que los usuarios hacen click en la cajita de código promocional
Master,CDT,AMP-1-0029,cash_in,PromoCode_Redeem_Success_CDT,redeem success code,screen,,"🟠 DISPARA, NO ESTÁ EN CÓDIGO",Revisar naming en código FE,103,Fila 426,,,,Este evento se activa una vez que los usuarios hacen click en la cajita de código promocional
Master,TRANSVERSAL,AMP-3-0150,clave_dinámica,Dynamickey_Loader_PE,Screen_dynamicKey_Loader,screen,,🟢 VIVO (Exacto),Mantener,2722575,Fila 5,Fila 181,packages/features/generic/authentication/typing/lib/events/attribution.dart,,"Este evento se genera cuando en el proceso de CI, CO y Débito automático el usuario valida su identidad a través de clave dinámica. Para que suceda, ya debe tenerla activa, no estar bloqueada y no estar activa en otro dispositivo."
Master,TRANSVERSAL,AMP-3-0151,clave_dinámica,Dynamickey_VerificationOptions_PE,Selected_DynamicKey,standard_list_item,,"🟠 EN CÓDIGO, NO DISPARA",Revisar trigger en código,0,,Fila 162,packages/features/generic/authentication/module/lib/core/attribution/events.dart,,"Este evento se genera cuando el usuario escoge Clave dinámica como medio de validación de indentidad en el proceso de CI, CO y débito automático."
Master,TRANSVERSAL,AMP-3-0152,clave_dinámica,Dynamickey_VerificationOptions_PE,Selected_FaceID,standard_list_item,,"🟠 EN CÓDIGO, NO DISPARA",Revisar trigger en código,0,,Fila 163,packages/features/generic/authentication/module/lib/core/attribution/events.dart,,"Este evento se genera cuando el usuario escoge Face ID como medio de validación de indentidad en el proceso de CI, CO y débito automático."
Master,TRANSVERSAL,AMP-3-0153,clave_dinámica,Dynamickey_VerificationOptions_PE,Selected_Fingerprint,standard_list_item,,"🟠 EN CÓDIGO, NO DISPARA",Revisar trigger en código,0,,Fila 180,packages/features/generic/authentication/typing/lib/events/attribution.dart,,"Este evento se genera cuando el usuario escoge Huella como medio de validación de indentidad en el proceso de CI, CO y débito automático."
Master,TRANSVERSAL,AMP-3-0154,clave_dinámica,Settings,Go_to_DynamicKey,standard_list_item,,🟢 VIVO (Exacto),Mantener,8165,Fila 215,Fila 148,packages/features/generic/account/module/lib/core/attribution/events.dart,,Este evento se genera cuando el usuario hace tap sobre Clave dinámica en Ajustes
Master,TRANSVERSAL,AMP-3-0155,clave_dinámica,Dynamickey_Benefits_PE,Dynamickey_Activation,action_button,,"🟠 EN CÓDIGO, NO DISPARA",Revisar trigger en código,0,,Fila 176,packages/features/generic/authentication/typing/lib/events/attribution.dart,,Este evento se genera cuando el usuario hace tap el boton de Activar clave dinámica
Master,TRANSVERSAL,AMP-3-0156,clave_dinámica,Dynamickey_RegisterSuccess_PE,Dynamickey_Activation_Successful,action_button,,🟢 VIVO (Exacto),Mantener,84874,Fila 49,Fila 165,packages/features/generic/authentication/module/lib/core/attribution/events.dart,,Este evento se genera cuando el usuario hace tap en el botón Entendido
Master,TRANSVERSAL,AMP-3-0157,clave_dinámica,DynamicKey_PE,Dynamickey_Remove,icon_button,,🟢 VIVO (Exacto),Mantener,152,Fila 392,Fila 177,packages/features/generic/authentication/typing/lib/events/attribution.dart,,Este evento se genera cuando el usuario hace tap en el ícono de basura en la parte superior de la pantalla 
Master,TRANSVERSAL,AMP-3-0158,clave_dinámica,DynamicKey_DeactivateKeyAnotherDevice_PE,Dynamickey_Desable,action_button,,🔴 SIN RASTRO,Deprecar / Implementar de cero,0,,,,,Este evento se genera cuando el usuario hace tap en el botón 'Desactivar ahora'  ya que esta está activa en otro dispositivo
Master,TRANSVERSAL,AMP-3-0159,clave_dinámica,Dynamickey_Blocked_PE,Dynamickey_Blocked,screen,,🟢 VIVO (Exacto),Mantener,8,Fila 465,Fila 167,packages/features/generic/authentication/module/lib/core/attribution/events.dart,,Este evento se activa cuando la clave dinámica está bloqueada.
Master,TRANSVERSAL,AMP-3-0160,clave_dinámica,Dynamickey_AnotherDevice_PE,Dynamickey_Enter,screen,,🟢 VIVO (Exacto),Mantener,1297,Fila 323,Fila 179,packages/features/generic/authentication/typing/lib/events/attribution.dart,,Este evento se genera cuando un usuario necesita verificar su identidad a través de clave dinámica en un dispositivo diferente al que tiene configurada su clave dinámica.
Master,TRANSVERSAL,AMP-1-0030,dashboard,Dashboard_New_User,Dashboard,Card_Product_Reel,,🔴 SIN RASTRO,Deprecar / Implementar de cero,0,,,,,Este evento se activa cuando el cliente accede a la pantalla por primera vez tras su vinculación y procede a realizar su primer cash-in.
Master,TRANSVERSAL,AMP-1-0031,dashboard,Dashboard_New_User,Dashboard,Card_Product_Reel,,🔴 SIN RASTRO,Deprecar / Implementar de cero,0,,,,,Este evento se activa cuando el cliente accede a la pantalla por primera vez tras su vinculación y procede a realizar su primer cash-in.
Master,TRANSVERSAL,AMP-1-0032,dashboard,Dashboard_New_User,Dashboard,Card_Product_Reel,,🔴 SIN RASTRO,Deprecar / Implementar de cero,0,,,,,Este evento se activa cuando el cliente accede a la pantalla por primera vez tras su vinculación y procede a realizar su primer cash-in.
Master,TRANSVERSAL,AMP-1-0033,dashboard,Dashboard_New_User,Dashboard,Card_Product_Reel,,🔴 SIN RASTRO,Deprecar / Implementar de cero,0,,,,,Este evento se activa cuando el cliente accede a la pantalla por primera vez tras su vinculación y procede a realizar su primer cash-in.
Master,TRANSVERSAL,AMP-1-0034,dashboard,Dashboard_New_User,Dashboard,Card_Product_Reel,,🔴 SIN RASTRO,Deprecar / Implementar de cero,0,,,,,Este evento se activa cuando el cliente accede a la pantalla por primera vez tras su vinculación y procede a realizar su primer cash-in.
Master,KYC,AMP-1-0035,cash_in,KYC_IdentityVinculationInstructions_CO,cash in ,screen,,🟢 VIVO (Exacto) (⚠️ Colisión),Mantener,1928,Fila 303,Fila 362,packages/features/generic/dashboard/module/lib/core/attribution/events.dart,,"Este evento se activa una vez que los usuarios realizan un cashin, tras haber leído el instructivo paso a paso."
Master,KYC,AMP-1-0036,cash_in,KYC_IdentityVinculationInstructions_CO,cash in ,icon,,🔴 SIN RASTRO,Deprecar / Implementar de cero,0,,,,,"Este evento se activa una vez que los usuarios realizan un cashin, tras haber leído el instructivo paso a paso."
Master,FIC,AMP-1-0037,cash_in,Step_To_Step1_Cashin_FIC,cash in ,screen,,🔴 SIN RASTRO,Deprecar / Implementar de cero,0,,,,,"Este evento se activa una vez que los usuarios realizan un cashin, tras haber leído el instructivo paso a paso."
Master,FIC,AMP-1-0038,cash_in,Step_To_Step1_Cashin_FIC,cash in ,button,,🔴 SIN RASTRO,Deprecar / Implementar de cero,0,,,,,"Este evento se activa una vez que los usuarios realizan un cashin, tras haber leído el instructivo paso a paso."
Master,FIC,AMP-1-0039,cash_in,Step_To_Step2_Cashin_FIC,cash in ,screen,,🔴 SIN RASTRO,Deprecar / Implementar de cero,0,,,,,"Este evento se activa una vez que los usuarios realizan un cashin, tras haber leído el instructivo paso a paso."
Master,FIC,AMP-1-0040,cash_in,Step_To_Step2_Cashin_FIC,cash in ,button,,🔴 SIN RASTRO,Deprecar / Implementar de cero,0,,,,,"Este evento se activa una vez que los usuarios realizan un cashin, tras haber leído el instructivo paso a paso."
Master,TRANSVERSAL,AMP-6-0046,dashboard,Novedades_Dashboard_PE,Tutorial_Screen,button_clicked,,"🟠 DISPARA, NO ESTÁ EN CÓDIGO",Revisar naming en código FE,25962,Fila 132,,,,
Master,TRANSVERSAL,AMP-6-0053,dashboard,Dashboard_Full_PE,Seccions_Selected,button_clicked,,🟢 VIVO (Exacto),Mantener,52603,Fila 84,Fila 434,packages/features/support/communications/module/lib/core/attribution/events.dart,,
Master,TRANSVERSAL,AMP-6-0056,dashboard,Dashboard_Full_PE,Educatyba_Selected,button_clicked,,🟢 VIVO (Exacto),Mantener,17479,Fila 162,Fila 435,packages/features/support/communications/module/lib/core/attribution/events.dart,,"Cuando el cliente da clic en el botón de ""Explora Educatyba"""
Master,TRANSVERSAL,AMP-6-0057,dashboard,Dashboard_Investment_Carrousel,Investment_View,switch_clicked,,🟢 VIVO (Exacto),Mantener,97246,Fila 45,Fila 361,packages/features/generic/dashboard/module/lib/core/attribution/events.dart,,Cuando el cliente entra a la app y revisa su saldo tanto en dolares como en pesos
Master,KYC,AMP-1-0035,cash_in,KYC_IdentityVinculationInstructions_CO,cash in ,screen,,🟢 VIVO (Exacto) (⚠️ Colisión),Mantener,1928,Fila 303,Fila 362,packages/features/generic/dashboard/module/lib/core/attribution/events.dart,,"Este evento se activa una vez que los usuarios realizan un cashin, tras haber leído el instructivo paso a paso."
Master,RVI,AMP-1-0016,requested_cash_in_attribution,CashIn_PendingResult_STKCO / Cashin_PendingConfirmation_STKPE,cash in completed,screen,,"🟠 DISPARA, NO ESTÁ EN CÓDIGO",Revisar naming en código FE,18433,Fila 157,,,,Este evento se genera una vez los usuarios completan su primer cash in en Acciones
Master,TRANSVERSAL,AMP-1-0017,tml,TML_Benefits_CO / PromoCode_CashinInvest_PE_App,Tml_Exited,back_button_clicked,,🔴 SIN RASTRO,Deprecar / Implementar de cero,0,,,,,Este evento se genera una vez el usuario salga del home de la TML.
Master,TRANSVERSAL,AMP-1-0018,tml,TML_Benefits_CO / PromoCode_CashinInvest_PE_App,Tml _Bonus_Selected,action_button_clicked,,🔴 SIN RASTRO,Deprecar / Implementar de cero,0,,,,,Este evento se genera una vez el usuario seleccione alguna de las secciones de la TML.
Master,TRANSVERSAL,AMP-1-0019,tml,"TML_LevelDashboardCodeAvailable_CO , TML_Cashback_PE",Tml _Bonus_Copied,action_button_clicked,,"🟠 EN CÓDIGO, NO DISPARA (⚠️ Colisión)",Revisar trigger en código,0,,Fila 445,packages/features/support/master_league/module/lib/core/attribution/events.dart,,Este evento se genera cuando un usuario copia algun codigo de la liga
Master,TRANSVERSAL,AMP-1-0020,tml,TML_Refer_CO / TML_Refer_PE,Tml_Referal_Code_Copied,action_button_clicked,,🔴 SIN RASTRO,Deprecar / Implementar de cero,0,,,,,Este evento se genera cuando un usuario copia su código de referido
Master,TRANSVERSAL,AMP-1-0021,tml,TML_Refer_CO / TML_Refer_PE,Tml_Code_Shared,action_button_clicked,,🔴 SIN RASTRO,Deprecar / Implementar de cero,0,,,,,Este evento se genera cuando un usuario comparte su codigo por alguno de los medios disponibles.
Master,TRANSVERSAL,AMP-1-0022,tml,TML_Alianzas,Tml_Asesoria,screen_view,,🔴 SIN RASTRO,Deprecar / Implementar de cero,0,,,,,Este evento se genera cuando el cliente ve la pantalla para recibir asesoria personalizada
Master,TRANSVERSAL,AMP-1-0023,Club tyba,,,,,⚫ VACÍO / SIN DATOS,Completar Documentación,0,,,,,Banner promocional Club tyba en dashboard
Master,TRANSVERSAL,AMP-1-0024,Club tyba,,,,,⚫ VACÍO / SIN DATOS,Completar Documentación,0,,,,,Bottom sheet: Botón Ir a Club Tyba
Master,TRANSVERSAL,AMP-1-0025,Club tyba,,,,,⚫ VACÍO / SIN DATOS,Completar Documentación,0,,,,,Settings
Master,TRANSVERSAL,AMP-1-0001,register_attribution,Onboarding_RegisterSuccess,register completed,screen,,🟢 VIVO (Exacto) (⚠️ Colisión),Mantener,72931,Fila 61,Fila 159,packages/features/generic/authentication/module/lib/core/attribution/events.dart,,Este evento se genera una vez el usuario se ha registrado con exito tyba.
Master,TRANSVERSAL,AMP-1-0002,product_selection,Onboarding_CDTModal,product selected,action_button_clicked,,"🟠 DISPARA, NO ESTÁ EN CÓDIGO",Revisar naming en código FE,31367,Fila 122,,,,Este evento se genera una vez lo usuarios eligen el producto de Tyba CDT en vitrina
Master,TRANSVERSAL,AMP-1-0003,product_selection,Onboarding_FPVModal,product selected,action_button_clicked,,"🟠 DISPARA, NO ESTÁ EN CÓDIGO",Revisar naming en código FE,14568,Fila 174,,,,Este evento se genera una vez lo usuarios eligen el producto de Tyba FPV
Master,TRANSVERSAL,AMP-1-0004,product_selection,Onboarding_PocketModal,product selected,action_button_clicked,,"🟠 DISPARA, NO ESTÁ EN CÓDIGO",Revisar naming en código FE,55860,Fila 79,,,,Este evento se genera una vez lo usuarios eligen el producto de Tyba Pocket
Master,TRANSVERSAL,AMP-1-0005,product_selection,Onboarding_FICModal,product selected,action_button_clicked,,"🟠 DISPARA, NO ESTÁ EN CÓDIGO",Revisar naming en código FE,237889,Fila 16,,,,Este evento se genera una vez lo usuarios eligen el producto de Tyba FIC
Master,TRANSVERSAL,AMP-1-0006,profiling_attribution,Profiling_SelectProfile,profile completed,button_clicked,,🟢 VIVO (Exacto) (⚠️ Colisión),Mantener,223734,Fila 74,Fila 414,packages/features/generic/risk_profile/module/lib/core/attribution/events.dart,,Este evento se genera una vez lo usuarios se perfilan satisfactoriamente
Master,FIC,AMP-1-0007,product_creation,"FIC_GoalCreated, ",product created,button_clicked,,🟢 VIVO (Exacto) (⚠️ Colisión),Mantener,74296,Fila 235,Fila 16,packages/features/core/fic/module/lib/core/attribution/events.dart,,Este evento se genera una vez los usuarios crean  un producto FIC
Master,CDT,AMP-1-0008,product_creation,CDT_ Summary_CO,product created,action_button_clicked,,🟢 VIVO (Exacto) (⚠️ Colisión),Mantener,42128,Fila 137,Fila 2,packages/features/core/cdt/module/lib/core/attribution/events.dart,,Este evento se genera una vez los usuarios crean un producto CDT
Master,FVP,AMP-1-0009,product_creation,FPV_GoalCreated,product created,screen,,🟢 VIVO (Exacto) (⚠️ Colisión),Mantener,3404,Fila 287,Fila 18,packages/features/core/fpv/module/lib/core/attribution/events.dart,,Este evento se genera una vez los usuarios crean un producto FPV
Master,POCKET,AMP-1-0010,product_creation,Pocket_Success,product created,screen,,🟢 VIVO (Exacto) (⚠️ Colisión),Mantener,19722,Fila 150,Fila 122,packages/features/core/pocket/module/lib/core/attribution/events.dart,,Este evento se genera una vez los usuarios crean un producto Pocket
Master,KYC,AMP-1-0011,kyc_attribution,KYC_Vinculation_Success,kyc completed,screen,,🟢 VIVO (Exacto) (⚠️ Colisión),Mantener,10452,Fila 202,Fila 396,packages/features/generic/kyc/module/lib/core/attribution/events.dart,,Este evento se genera una vez los usuarios completan su vinculación
Master,TRANSVERSAL,AMP-1-0012,requested_cash_in_attribution,CashIn_SuccessResult_FPVCO,cash in completed,screen,,"🟠 DISPARA, NO ESTÁ EN CÓDIGO",Revisar naming en código FE,5729,Fila 236,,,,Este evento se genera una vez los usuarios completan su primer cash in en FPV
Master,CDT,AMP-1-0013,requested_cash_in_attribution,CDTCreation_KYCValidaton_CO,cash in completed,screen,,"🟠 DISPARA, NO ESTÁ EN CÓDIGO",Revisar naming en código FE,263,Fila 376,,,,Este evento se genera una vez los usuarios completan su primer cash in en CDT
Master,FIC,AMP-1-0014,requested_cash_in_attribution,FIC_SuccessfulTransaction_CO / Cashin_InvestmentInProcessFirstCI_PE / Cashin_InvestmentInProcessFirstCI_CL,cash in completed,screen,,"🟠 DISPARA, NO ESTÁ EN CÓDIGO",Revisar naming en código FE,96505,Fila 83,,,,Este evento se genera una vez los usuarios completan su primer cash in en FIC
Master,POCKET,AMP-1-0015,requested_cash_in_attribution,CashIn_Success_PSE /CashIn_Success_ACH,cash in completed,screen,,"🟠 DISPARA, NO ESTÁ EN CÓDIGO",Revisar naming en código FE,276,Fila 373,,,,Este evento se genera una vez los usuarios completan su primer cash in en Pocket
Master,RVI,FirsCashIn-Acciones,requested_cash_in,CashIn_Success,cashin completed,screen,,"🟠 DISPARA, NO ESTÁ EN CÓDIGO",Revisar naming en código FE,279,Fila 370,,,,Este evento se genera una vez los usuarios completan su primer cash in en Acciones
Master,RVI,AMP-1-0016,requested_cash_in_attribution,CashIn_PendingResult_STKCO / Cashin_PendingConfirmation_STKPE,cash in completed,screen,,"🟠 DISPARA, NO ESTÁ EN CÓDIGO",Revisar naming en código FE,18433,Fila 157,,,,Este evento se genera una vez los usuarios completan su primer cash in en Acciones
Master,TRANSVERSAL,AMP-1-0017,tml,TML_Benefits_CO / PromoCode_CashinInvest_PE_App,Tml_Exited,back_button_clicked,,🔴 SIN RASTRO,Deprecar / Implementar de cero,0,,,,,Este evento se genera una vez el usuario salga del home de la TML.
Master,TRANSVERSAL,AMP-1-0018,tml,TML_Benefits_CO / PromoCode_CashinInvest_PE_App,Tml _Bonus_Selected,action_button_clicked,,🔴 SIN RASTRO,Deprecar / Implementar de cero,0,,,,,Este evento se genera una vez el usuario seleccione alguna de las secciones de la TML.
Master,TRANSVERSAL,AMP-1-0019,tml,"TML_LevelDashboardCodeAvailable_CO , TML_Cashback_PE",Tml _Bonus_Copied,action_button_clicked,,"🟠 EN CÓDIGO, NO DISPARA (⚠️ Colisión)",Revisar trigger en código,0,,Fila 445,packages/features/support/master_league/module/lib/core/attribution/events.dart,,Este evento se genera cuando un usuario copia algun codigo de la liga
Master,TRANSVERSAL,AMP-1-0020,tml,TML_Refer_CO / TML_Refer_PE,Tml_Referal_Code_Copied,action_button_clicked,,🔴 SIN RASTRO,Deprecar / Implementar de cero,0,,,,,Este evento se genera cuando un usuario copia su código de referido
Master,TRANSVERSAL,AMP-1-0021,tml,TML_Refer_CO / TML_Refer_PE,Tml_Code_Shared,action_button_clicked,,🔴 SIN RASTRO,Deprecar / Implementar de cero,0,,,,,Este evento se genera cuando un usuario comparte su codigo por alguno de los medios disponibles.
Master,TRANSVERSAL,AMP-1-0022,tml,TML_Alianzas,Tml_Asesoria,screen_view,,🔴 SIN RASTRO,Deprecar / Implementar de cero,0,,,,,Este evento se genera cuando el cliente ve la pantalla para recibir asesoria personalizada
Master,TRANSVERSAL,AMP-1-0023,Club tyba,,,,,⚫ VACÍO / SIN DATOS,Completar Documentación,0,,,,,Banner promocional Club tyba en dashboard
Master,TRANSVERSAL,AMP-1-0024,Club tyba,,,,,⚫ VACÍO / SIN DATOS,Completar Documentación,0,,,,,Bottom sheet: Botón Ir a Club Tyba
Master,TRANSVERSAL,AMP-1-0025,Club tyba,,,,,⚫ VACÍO / SIN DATOS,Completar Documentación,0,,,,,Settings
Master,TRANSVERSAL,AMP-1-0026,cash_in,PromoCode_Banner_CDT,promotional banner code,card promo code,,"🟠 DISPARA, NO ESTÁ EN CÓDIGO",Revisar naming en código FE,1815,Fila 324,,,,Este evento se activa una vez que los usuarios hacen click en la cajita de código promocional
Master,TRANSVERSAL,AMP-1-0027,cash_in,PromeCode_Button_Apply_Code_CDT,button apply code,Button,,🔴 SIN RASTRO,Deprecar / Implementar de cero,0,,,,,Este evento se activa una vez que los usuarios hacen click en la cajita de código promocional
Master,TRANSVERSAL,AMP-1-0028,cash_in,PromoCode_Input_Apply_Code_CDT,input apply code,Input button,,"🟠 DISPARA, NO ESTÁ EN CÓDIGO",Revisar naming en código FE,777,Fila 356,,,,Este evento se activa una vez que los usuarios hacen click en la cajita de código promocional
Master,TRANSVERSAL,AMP-1-0029,cash_in,PromoCode_Redeem_Success_CDT,redeem success code,screen,,"🟠 DISPARA, NO ESTÁ EN CÓDIGO",Revisar naming en código FE,103,Fila 426,,,,Este evento se activa una vez que los usuarios hacen click en la cajita de código promocional
Master,TRANSVERSAL,AMP-1-0022,tml,TML_Alianzas,Tml_Asesoria,screen_view,,🔴 SIN RASTRO,Deprecar / Implementar de cero,0,,,,,Este evento se genera cuando el cliente ve la pantalla para recibir asesoria personalizada
Natasha,TRANSVERSAL,AMP-15-0001,login,LogIn_IdValidation_CL_PN,Login_Completed,button,CL,"🟠 EN CÓDIGO, NO DISPARA",Revisar trigger en código,0,,Fila 172,packages/features/generic/authentication/module/lib/core/attribution/events.dart,Buscamos detectar caidas o dropoff en el flujo de PN Chile datos personales,¿Cuántas personas inician el flujo desde el flujo de multicuenta?
Natasha,TRANSVERSAL,AMP-15-0002,dashboard,Dashboard_NewUser_CL,,card,CL,"🟠 EN CÓDIGO, NO DISPARA",Revisar trigger en código,0,,Fila 368,packages/features/generic/dashboard/module/lib/core/attribution/events.dart,Buscamos detectar caidas o dropoff en el flujo de PN Chile datos personales,¿Qué camino toman al llegar al dashboard? 
Natasha,TRANSVERSAL,AMP-15-0003,dashboard,Dashboard_NewUser_CL,,button,CL,🟢 VIVO (Divergente · object 43%),Mantener,14,Fila 453,Fila 369,packages/features/generic/dashboard/module/lib/core/attribution/events.dart,Buscamos detectar caidas o dropoff en el flujo de PN Chile datos personales,¿Qué camino toman al llegar al dashboard? 
Natasha,KYC,AMP-15-0004,kyc,KYC_Intro_CL,,Button,CL,🟢 VIVO (Divergente · event 20%),Mantener,16,Fila 448,Fila 397,packages/features/generic/kyc/module/lib/core/attribution/events.dart,Buscamos detectar caidas o dropoff en el flujo de PN Chile datos personales,¿Cuántas personas no pasan de la primera pantalla?
Natasha,KYC,AMP-15-0005,kyc,"KYC_PendingVinculation_CL_PN , KYC_BlackListed_CL_PN",,Button,CL,🟢 VIVO (Divergente · event 20%),Mantener,10,Fila 457,Fila 398,packages/features/generic/kyc/module/lib/core/attribution/events.dart,Buscamos detectar caidas o dropoff en el flujo de PN Chile datos personales,¿Cuántas personas se quedan en blacklisted o pending validation?
Natasha,KYC,AMP-15-0006,kyc,KYC_ResumeProcess_CL_PN,,Button,CL,🔴 SIN RASTRO,Deprecar / Implementar de cero,0,,,,Buscamos detectar caidas o dropoff en el flujo de PN Chile datos personales,¿Cuantas personas retoman la vinculación en el proceso y cuántas a la primera?
Natasha,KYC,AMP-15-0007,kyc,KYC_SecurityQuestions_CL_PN,,Button,CL,🟢 VIVO (Divergente · screen_figma 14%),Mantener,3,Fila 475,Fila 392,packages/features/generic/kyc/module/lib/core/attribution/events.dart,Buscamos detectar caidas o dropoff en el flujo de PN Chile datos personales,¿cuantas personas PEP o no PEP pasan por el flujo? 
Natasha,KYC,AMP-15-0008,kyc,,,Button,CL,⚫ VACÍO / SIN DATOS,Completar Documentación,10,Fila 458,Fila 400,packages/features/generic/kyc/module/lib/core/attribution/events.dart,Buscamos detectar caidas o dropoff en el flujo de PN Chile datos personales,¿Cuántas personas y en qué paso se salen del proceso de vinculación?
Natasha,KYC,AMP-15-0009,kyc,,,tooltip / help,CL,⚫ VACÍO / SIN DATOS,Completar Documentación,0,,,,Buscamos detectar caidas o dropoff en el flujo de PN Chile datos personales,¿Cuantas veces abren los tooltips y button sheets de ayuda y cuáles?
Natasha,KYC,AMP-15-0010,kyc,,,Radio Button,CL,⚫ VACÍO / SIN DATOS,Completar Documentación,0,,,,Buscamos detectar caidas o dropoff en el flujo de PN Chile datos personales,¿Los usuarios cambian las preferencias del módulo de certificaciones? 
Natasha,KYC,AMP-15-0011,kyc,,,Button,CL,⚫ VACÍO / SIN DATOS,Completar Documentación,0,,,,Buscamos detectar caidas o dropoff en el flujo de PN Chile datos personales,¿Las personas ven los documentos del módulo de certificaciones? 
Natasha,KYC,AMP-15-0012,kyc,,,CheckboxLabel,CL,⚫ VACÍO / SIN DATOS,Completar Documentación,0,,,,Buscamos detectar caidas o dropoff en el flujo de PN Chile datos personales,¿Cuántas personas aceptan el consentimiento para usos adicionales? 
Natasha,TRANSVERSAL,AMP-15-0013,kyc,Onboarding_StartProfiling_CL_PN,,Button,CL,🟢 VIVO (Divergente · event 0%),Mantener,18,Fila 446,Fila 416,packages/features/generic/risk_profile/module/lib/core/attribution/events.dart,Buscamos detectar caidas o dropoff en el flujo de PN Chile en el perfilamiento del cliente,¿Cuantas personas inician y finalizan el flujo de perfilamiento?
Natasha,KYC,AMP-15-0014,kyc,,,Button,CL,⚫ VACÍO / SIN DATOS,Completar Documentación,895,Fila 367,Fila 417,packages/features/generic/risk_profile/module/lib/core/attribution/events.dart,Buscamos detectar caidas o dropoff en el flujo de PN Chile en el perfilamiento del cliente,¿Cuánto se demora una persona terminando el perfilamiento y cuántas veces hace click atrás?
Natasha,KYC,AMP-15-0015,kyc,,,Alert,CL,⚫ VACÍO / SIN DATOS,Completar Documentación,0,,,,,¿Desde qué pantalla o parte del proceso la persona contacta al banquero?
Natasha,KYC,AMP-15-0016,kyc,,,Standard List Item,CL,⚫ VACÍO / SIN DATOS,Completar Documentación,0,,Fila 149,packages/features/generic/account/module/lib/core/attribution/events.dart,Buscamos ver el uso y frecuencia con que se consulta o contacta al banquero desde la APP,¿Cómo contactan a su banquero (Email o contactar telefónicamente)?
Natasha,KYC,AMP-15-0017,kyc,KYC_CreationNewBankAccount_CL_PN,,Button,CL,🔴 SIN RASTRO,Deprecar / Implementar de cero,0,,,,Buscamos medir el ingreso de cuentas ,¿Cuantas personas agregan una cuenta?
Natasha,KYC,AMP-15-0018,kyc,KYC_CreationNewBankAccount_CL_PN,,Standard List Item,CL,🟢 VIVO (Divergente · object 55%),Mantener,3,Fila 476,Fila 411,packages/features/generic/payments/module/lib/core/attribution/events.dart,Buscamos medir el ingreso de cuentas ,¿Cuantas personas ingresan más de una cuenta? 
Natasha,KYC,AMP-15-0019,kyc,KYC_AuthorizedtoOperateInformation_CL_PN,,Button,CL,🔴 SIN RASTRO,Deprecar / Implementar de cero,0,,,,Buscamos entender el uso del flujo de otorgantes,¿Cuántas veces se agregan otorgantes y cuántos ? 
Parker,KYC,AMP-3-0001,KYC,KYC_IdentityVinculationInstruction_CO,KYC Started,next_button_clicked,PE,"🟠 EN CÓDIGO, NO DISPARA",Revisar trigger en código,0,,Fila 394,packages/features/generic/kyc/module/lib/core/attribution/events.dart,"Queremos entender el comportamiento de los usuarios en el flujo de KYC, identificar aquellas pantallas donde más cae la conversión con el fin de mejorar la experiencia del usuario.","¿Cuánto es la conversión por accion de cambio de pantalla en el flujo del KYC?, ¿Cuántas personas interactúan en la pantalla inicial del flujo de KYC?"
Parker,KYC,AMP-3-0002,KYC,KYC_IdentityVinculationInstruction_CO,KYC Started,button_clicked_clicked,PE,"🟠 EN CÓDIGO, NO DISPARA (ℹ️ 1:N Programático)",Revisar trigger en código,0,,Fila 394,packages/features/generic/kyc/module/lib/core/attribution/events.dart,"Queremos entender el comportamiento de los usuarios en el flujo de KYC, identificar aquellas pantallas donde más cae la conversión con el fin de mejorar la experiencia del usuario.",¿Cuánto es la conversión por accion de cambio de pantalla en el flujo del KYC?
Parker,KYC,AMP-3-0003,KYC,KYC_ResumeProcess_CO,KYC Resume,next_button_clicked,PE,"🟠 DISPARA, NO ESTÁ EN CÓDIGO",Revisar naming en código FE,32782,Fila 117,,,"Queremos entender el comportamiento de los usuarios en el flujo de KYC, identificar aquellas pantallas donde más cae la conversión con el fin de mejorar la experiencia del usuario.",¿Cuánto es la conversión por accion de cambio de pantalla en el flujo del KYC?
Parker,KYC,AMP-3-0004,KYC,KYC_Step1LinkAccountBCP_STKPE,KYC_DNI_Inserted,next_button_clicked,PE,🟢 VIVO (Divergente · object 56%),Mantener,38839,Fila 108,Fila 189,packages/features/generic/bcp_verify/module/lib/core/mixins/event_handler.dart,"Queremos entender el comportamiento de los usuarios en el flujo de KYC, identificar aquellas pantallas donde más cae la conversión con el fin de mejorar la experiencia del usuario.",¿Cuánto es la conversión por accion de cambio de pantalla en el flujo del KYC?
Parker,KYC,AMP-3-0005,KYC,KYC_Step1LinkAccountBCP_STKPE,KCY_DNI_Inserted,button_clicked_clicked,PE,"🟠 DISPARA, NO ESTÁ EN CÓDIGO",Revisar naming en código FE,3138,Fila 276,,,"Queremos entender el comportamiento de los usuarios en el flujo de KYC, identificar aquellas pantallas donde más cae la conversión con el fin de mejorar la experiencia del usuario.","¿Cuántas personas que no son clientes del BCP intentan crear una cuenta y terminan el proceso de KYC?, ¿Cuántas personas deciden cerrar la aplicación en la pantalla de ingreso de tarjeta del BCP?"
Parker,KYC,AMP-3-0006,KYC,KYC_InsertCardNumber_STKPE,KYC_BCP_Account_Inserted,next_button_clicked,PE,🟢 VIVO (Exacto),Mantener,33486,Fila 115,Fila 190,packages/features/generic/bcp_verify/module/lib/core/mixins/event_handler.dart,"Queremos entender el comportamiento de los usuarios en el flujo de KYC, identificar aquellas pantallas donde más cae la conversión con el fin de mejorar la experiencia del usuario.","¿Cuánto es la conversión por accion de cambio de pantalla en el flujo del KYC?, ¿Cuántas personas deciden cerrar la aplicación en la pantalla de ingreso de tarjeta del BCP?"
Parker,KYC,AMP-3-0007,KYC,KYC_PasswordLocked_STKPE,KYC_Password_Locked,next_button_clicked,PE,"🟠 EN CÓDIGO, NO DISPARA",Revisar trigger en código,0,,Fila 196,packages/features/generic/bcp_verify/module/lib/core/mixins/event_handler.dart,"Queremos entender el comportamiento de los usuarios en el flujo de KYC, identificar aquellas pantallas donde más cae la conversión con el fin de mejorar la experiencia del usuario.",¿Cuánto es la conversión por accion de cambio de pantalla en el flujo del KYC?
Parker,KYC,AMP-3-0008,KYC,KYC_InsertPassword_STKPE,KYC_Create_Password,button_clicked,PE,🟢 VIVO (Exacto),Mantener,1414,Fila 316,Fila 191,packages/features/generic/bcp_verify/module/lib/core/mixins/event_handler.dart,"Queremos entender el comportamiento de los usuarios en el flujo de KYC, identificar aquellas pantallas donde más cae la conversión con el fin de mejorar la experiencia del usuario.",¿Cuánto es la conversión por accion de cambio de pantalla en el flujo del KYC?
Parker,KYC,AMP-3-0009,KYC,KYC_InsertPassword_STKPE,KYC_Forgot_Password,button_clicked_clicked,PE,🟢 VIVO (Parcial · object 64%),Mantener,562,Fila 352,Fila 192,packages/features/generic/bcp_verify/module/lib/core/mixins/event_handler.dart,"Queremos entender el comportamiento de los usuarios en el flujo de KYC, identificar aquellas pantallas donde más cae la conversión con el fin de mejorar la experiencia del usuario.",¿Cuánto es la conversión por accion de cambio de pantalla en el flujo del KYC?
Parker,KYC,AMP-3-0010,KYC,KYC_DataManagment_STKPE,KYC_Password_Success,screen,PE,🟢 VIVO (Exacto),Mantener,19401,Fila 152,Fila 193,packages/features/generic/bcp_verify/module/lib/core/mixins/event_handler.dart,"Queremos entender el comportamiento de los usuarios en el flujo de KYC, identificar aquellas pantallas donde más cae la conversión con el fin de mejorar la experiencia del usuario.",¿Cuánto es la conversión por accion de cambio de pantalla en el flujo del KYC?
Parker,KYC,AMP-3-0011,KYC,KYC_DataManagement_STKPE,KYC_Api_persons,button_clicked_clicked,PE,🟢 VIVO (Parcial · object 64%),Mantener,18941,Fila 155,Fila 194,packages/features/generic/bcp_verify/module/lib/core/mixins/event_handler.dart,"Queremos entender el comportamiento de los usuarios en el flujo de KYC, identificar aquellas pantallas donde más cae la conversión con el fin de mejorar la experiencia del usuario.",¿Cuántas personas aceptan el uso del Api Persons?
Parker,KYC,AMP-3-0012,KYC,KYC_DataManagement_STKPE,KYC_Api_persons,button_clicked_clicked,PE,"🟠 DISPARA, NO ESTÁ EN CÓDIGO",Revisar naming en código FE,920,Fila 334,,,"Queremos entender el comportamiento de los usuarios en el flujo de KYC, identificar aquellas pantallas donde más cae la conversión con el fin de mejorar la experiencia del usuario.",¿Cuántas personas aceptan el uso del Api Persons?
Parker,KYC,AMP-3-0013,KYC,KYC_PasswordLocked_STKPE,KYC_Api_persons_confirmed,button_clicked,PE,🟢 VIVO (Exacto),Mantener,536,Fila 354,Fila 195,packages/features/generic/bcp_verify/module/lib/core/mixins/event_handler.dart,"Queremos entender el comportamiento de los usuarios en el flujo de KYC, identificar aquellas pantallas donde más cae la conversión con el fin de mejorar la experiencia del usuario.",¿Cuánto es la conversión por accion de cambio de pantalla en el flujo del KYC?
Parker,KYC,AMP-3-0014,KYC,KYC_PasswordLocked_STKPE,KYC_Api_persons_confirmed,button_clicked,PE,"🟠 DISPARA, NO ESTÁ EN CÓDIGO",Revisar naming en código FE,366,Fila 363,,,"Queremos entender el comportamiento de los usuarios en el flujo de KYC, identificar aquellas pantallas donde más cae la conversión con el fin de mejorar la experiencia del usuario.",¿Cuánto es la conversión por accion de cambio de pantalla en el flujo del KYC?
Parker,KYC,AMP-3-0015,KYC,KYC_SecurityQuestions_CO,KYC Security Questions Answered,next_button_clicked,PE,🔴 SIN RASTRO,Deprecar / Implementar de cero,0,,,,"Queremos entender el comportamiento de los usuarios en el flujo de KYC, identificar aquellas pantallas donde más cae la conversión con el fin de mejorar la experiencia del usuario.",¿Cuánto es la conversión por accion de cambio de pantalla en el flujo del KYC?
Parker,KYC,AMP-3-0016,KYC,KYC_IdentityValidationPersonalDataAndDInformation_CO,KYC Identity Questions Answered,button_clicked_clicked,PE,🔴 SIN RASTRO,Deprecar / Implementar de cero,0,,,,"Queremos entender el comportamiento de los usuarios en el flujo de KYC, identificar aquellas pantallas donde más cae la conversión con el fin de mejorar la experiencia del usuario.",¿Cuánto es la conversión por accion de cambio de pantalla en el flujo del KYC?
Parker,KYC,AMP-3-0017,KYC,KYC_ResidenceInformation_PE,KYC Residence Questions Answered,next_button_clicked,PE,🔴 SIN RASTRO,Deprecar / Implementar de cero,0,,,,"Queremos entender el comportamiento de los usuarios en el flujo de KYC, identificar aquellas pantallas donde más cae la conversión con el fin de mejorar la experiencia del usuario.",¿Cuánto es la conversión por accion de cambio de pantalla en el flujo del KYC?
Parker,KYC,AMP-3-0018,KYC,KYC_WorkingInformation_CO,kYC Completed Work Questions,next_button_clicked,PE,"🟠 DISPARA, NO ESTÁ EN CÓDIGO",Revisar naming en código FE,12123,Fila 189,,,"Queremos entender el comportamiento de los usuarios en el flujo de KYC, identificar aquellas pantallas donde más cae la conversión con el fin de mejorar la experiencia del usuario.",¿Cuánto es la conversión por accion de cambio de pantalla en el flujo del KYC?
Parker,KYC,AMP-3-0019,KYC,CompleteBonding_FinanceQ3_PE,KYC _T&C_Accepted ,close_button_clicked,PE,🔴 SIN RASTRO,Deprecar / Implementar de cero,0,,,,"Queremos entender el comportamiento de los usuarios en el flujo de KYC, identificar aquellas pantallas donde más cae la conversión con el fin de mejorar la experiencia del usuario.",¿Cuánto es la conversión por accion de cambio de pantalla en el flujo del KYC?
Parker,KYC,"
AMP-1-0011",KYC,KYC_SuccesVinculation_PE,KYC_Ended_Process,next_button_clicked,PE,🟢 VIVO (Exacto) (⚠️ Colisión),Mantener,10452,Fila 202,Fila 396,packages/features/generic/kyc/module/lib/core/attribution/events.dart,"Queremos entender el comportamiento de los usuarios en el flujo de KYC, identificar aquellas pantallas donde más cae la conversión con el fin de mejorar la experiencia del usuario.",¿Cuánto es la conversión por accion de cambio de pantalla en el flujo del KYC?
Parker,FFMM-PE,AMP-3-0040,product,SQI_All_PE,Product_Fund_Selected,button_clicked_clicked,PE,🟢 VIVO (Exacto),Mantener,318443,Fila 12,Fila 131,packages/features/core/sqi/module/lib/core/attribution/events.dart,"Queremos saber como es el comportamiento de las personas en el flujo de seleccione de producto(SQI por ahora) para aumentar la conversion de este paso y asi aumentar la conversion general hacia el cashin
","¿Cuántos usuarios avanzan sobro el flujo de del creación de sqi? , ¿Cuántas personas se quedan sin seleccionar un fondo?, ¿Cual es la tasa de conversion del flujo de creacion sqi?"
Parker,FFMM-PE,AMP-3-0041,product,SQI_Funds_CO,Product_Funds_Selected,button_clicked_clicked,PE,🔴 SIN RASTRO,Deprecar / Implementar de cero,0,,,,"Queremos saber como es el comportamiento de las personas en el flujo de seleccione de producto(SQI por ahora) para aumentar la conversion de este paso y asi aumentar la conversion general hacia el cashin
","¿Cuántos usuarios avanzan sobro el flujo de del creación de sqi? , ¿Cuantas personas usan buscador de fondos?"
Parker,FFMM-PE,AMP-3-0042,product,SQI_All_PE,Product_SQI_Filteers_Selected,button_clicked_clicked,PE,🟢 VIVO (Exacto),Mantener,223970,Fila 19,Fila 132,packages/features/core/sqi/module/lib/core/attribution/events.dart,"Queremos saber como es el comportamiento de las personas en el flujo de seleccione de producto(SQI por ahora) para aumentar la conversion de este paso y asi aumentar la conversion general hacia el cashin
",¿Cuantas personas esta utilizando los filtros en el listado?
Parker,FFMM-PE,AMP-3-0043,product,SQI_All_PE,Product_Comparison_Activated,slider_slided,PE,🟢 VIVO (Exacto),Mantener,25591,Fila 133,Fila 135,packages/features/core/sqi/module/lib/core/attribution/events.dart,"Queremos saber como es el comportamiento de las personas en el flujo de seleccione de producto(SQI por ahora) para aumentar la conversion de este paso y asi aumentar la conversion general hacia el cashin
","¿Cuantas personas usan el comparador ?, ¿Cual es la tasa de conversion del flujo discrimiento a las persnas con el uso de comparador de fondos?"
Parker,FFMM-PE,AMP-3-0044,product,SQI_PortfolioDetail_CO,Product_Funds_Created,button_clicked_clicked,PE,🔴 SIN RASTRO,Deprecar / Implementar de cero,0,,,,"Queremos saber como es el comportamiento de las personas en el flujo de seleccione de producto(SQI por ahora) para aumentar la conversion de este paso y asi aumentar la conversion general hacia el cashin
","¿Cuántos usuarios avanzan sobro el flujo de del creación de sqi? , ¿Cuantas personas usan el comparador ?, ¿Cual es la tasa de conversion del flujo de creacion sqi?, ¿Cual es la tasa de conversion del flujo discrimiento a las persnas con el uso de comparador de fondos?, ¿Cuantos sqi se crean por el shortcut,detalle del fondo y  comparador de fondos?, ¿Cual es la tasa de conversion del flujo de creacion sqi?"
Parker,FFMM-PE,AMP-3-0045,product,SQI_All_PE,Product_Funds_Created,button_clicked_clicked,PE,🟢 VIVO (Exacto),Mantener,39292,Fila 106,Fila 138,packages/features/core/sqi/module/lib/core/attribution/events.dart,"Queremos saber como es el comportamiento de las personas en el flujo de seleccione de producto(SQI por ahora) para aumentar la conversion de este paso y asi aumentar la conversion general hacia el cashin
","¿Cuántos usuarios avanzan sobro el flujo de del creación de sqi? , ¿Cual es la tasa de conversion del flujo de creacion sqi?, ¿Cuantos sqi se crean por el shortcut,detalle del fondo y  comparador de fondos?, ¿Cual es la tasa de conversion del flujo de creacion sqi?"
Parker,FFMM-PE,AMP-3-0054,product,SQI_CumulativeSummary_PE/SQI_DistributiveSummary_PE/SQI_PortfolioSummary_PE,Product_Funds_Created,button_clicked_cliecked,PE,🟢 VIVO (Exacto),Mantener,67898,Fila 63,Fila 140,packages/features/core/sqi/module/lib/core/attribution/events.dart,"Queremos saber como es el comportamiento de las personas en el flujo de seleccione de producto(SQI por ahora) para aumentar la conversion de este paso y asi aumentar la conversion general hacia el cashin
","¿Cuántos usuarios avanzan sobro el flujo de del creación de sqi? , ¿Cual es la tasa de conversion del flujo de creacion sqi?, ¿Cuantos sqi se crean por el shortcut,detalle del fondo y  comparador de fondos?, ¿Cual es la tasa de conversion del flujo de creacion sqi?, ¿Cuantas personas avanzan sobre cada paso del flujo de cashin?, ¿En promedio, cada cuantos dias las personas entran al flujo de cashin?"
Parker,FFMM-PE,AMP-3-0046,product,SQI_All_PE,Product_SQI_Tooltip_Clicked,tooltip_clicked,PE,🟢 VIVO (Exacto),Mantener,2395,Fila 294,Fila 133,packages/features/core/sqi/module/lib/core/attribution/events.dart,"Queremos saber como es el comportamiento de las personas en el flujo de seleccione de producto(SQI por ahora) para aumentar la conversion de este paso y asi aumentar la conversion general hacia el cashin
",¿Cuantas personas estan haciendo click sobre los inforativos de la pantalla de fondos?
Parker,FFMM-PE,AMP-3-0047,product,NewUser,Product_Banner_Clicked,banner_clicked,PE,🔴 SIN RASTRO,Deprecar / Implementar de cero,0,,,,Querames sabes cual es el comportamiento de las personas en la seleccion de producto (fondos cerrados) para aumentar la conversion general del todo el funnel hacia cash in,¿Cuantas persona estan entrando por el banner?
Parker,FFMM-PE,AMP-3-0048,product,Onboarding_StockModal_PE,Product_Modal_Product_Benefits_Selected,button_clicked_clicked,PE,🔴 SIN RASTRO,Deprecar / Implementar de cero,0,,,,Querames sabes cual es el comportamiento de las personas en la seleccion de producto (fondos cerrados) para aumentar la conversion general del todo el funnel hacia cash in,¿Cuantas personas quieren el prducto despues de que se muestran los beneficios de estos?
Parker,FFMM-PE,AMP-3-0049,product,Modal/Metas/Cashin,Producto_Closed_Funds_Selected,button_clicked_clicked,PE,🟢 VIVO (Exacto),Mantener,40089,Fila 101,Fila 322,packages/features/generic/dashboard/module/lib/core/attribution/events.dart,Querames sabes cual es el comportamiento de las personas en la seleccion de producto (fondos cerrados) para aumentar la conversion general del todo el funnel hacia cash in,¿Cuantas personas entran por la vitrina?
Parker,FFMM-PE,AMP-3-0050,product,Products Benefits Screen,Producto_Closed_Funds_Selected,button_clicked_clicked,PE,🔴 SIN RASTRO,Deprecar / Implementar de cero,0,,,,Querames sabes cual es el comportamiento de las personas en la seleccion de producto (fondos cerrados) para aumentar la conversion general del todo el funnel hacia cash in,¿Cuantas personas quieren el prducto despues de que se muestran los beneficios de estos?
Parker,FFMM-PE, AMP-3-0051,product,SQI_FundProjection_PE,Product_Closed_Fund_Simulation_Accepted,next_button_clicked,PE,🟢 VIVO (Exacto),Mantener,6182,Fila 231,Fila 128,packages/features/core/sqi/module/lib/core/attribution/events.dart,,¿Cual es el promedio de inversion en fonodos de capital protegido?
Parker,FFMM-PE,AMP-3-0052,product,SQI_FundProjection_PE,Product_Closed_Fund_Created,button_clicked_clicked,PE,🟢 VIVO (Exacto),Mantener,3559,Fila 270,Fila 130,packages/features/core/sqi/module/lib/core/attribution/events.dart,Querames sabes cual es el comportamiento de las personas en la seleccion de producto (fondos cerrados) para aumentar la conversion general del todo el funnel hacia cash in,¿Cual es la tasa de conversion del flujo?
Parker,FFMM-PE,AMP-3-0053,product,SQI_FundProjection_PE,Product_Closed_Fund_Simulation_Detail_Cllcked,button_clicked_clicked,PE,🟢 VIVO (Exacto),Mantener,3810,Fila 262,Fila 129,packages/features/core/sqi/module/lib/core/attribution/events.dart,Querames sabes cual es el comportamiento de las personas en la seleccion de producto (fondos cerrados) para aumentar la conversion general del todo el funnel hacia cash in,¡Cuantas persoas entran al detallle del fondo?
Parker,FFMM-PE,AMP-3-0054,product,SQI_CumulativeSummary_PE/SQI_DistributiveSummary_PE/SQI_PortfolioSummary_PE,Product_Funds_Created,button_clicked_cliecked,PE,🟢 VIVO (Exacto) (⚠️ Colisión),Mantener,67898,Fila 63,Fila 140,packages/features/core/sqi/module/lib/core/attribution/events.dart,"Queremos saber como es el comportamiento de las personas en el flujo de seleccione de producto(SQI por ahora) para aumentar la conversion de este paso y asi aumentar la conversion general hacia el cashin
","¿Cuántos usuarios avanzan sobro el flujo de del creación de sqi? , ¿Cual es la tasa de conversion del flujo de creacion sqi?, ¿Cuantos sqi se crean por el shortcut,detalle del fondo y  comparador de fondos?, ¿Cual es la tasa de conversion del flujo de creacion sqi?, ¿Cuantas personas avanzan sobre cada paso del flujo de cashin?, ¿En promedio, cada cuantos dias las personas entran al flujo de cashin?"
Parker,FFMM-PE,AMP-3-0055,cash_in,SQI_FundDetail_PE,Cash_In_Multiple_Entered,button_clicked,PE,🟢 VIVO (Divergente · object 29%),Mantener,6292,Fila 230,Fila 324,packages/features/generic/dashboard/module/lib/core/attribution/events.dart,Buscamos entneder el comportamiento de los usuarios en el flujo de cash in para mejorar la conversion de First cashin y del engagemente cash in,¿Cuantas personas avanzan sobre cada paso del flujo de cashin?
Parker,FFMM-PE,AMP-3-0056,cash_in,Cashin_InvestmentMultipleGoals_PE,Cash_In_Amount_Multiple_Entered,button_clicked,PE,🟢 VIVO (Exacto),Mantener,42579,Fila 99,Fila 275,packages/features/generic/cash_in/typing/lib/events/attribution.dart,Buscamos entneder el comportamiento de los usuarios en el flujo de cash in para mejorar la conversion de First cashin y del engagemente cash in,"¿Cuantas personas avanzan sobre cada paso del flujo de cashin?, ¿Cuanta plata se deja de recibir por cashin no completados?"
Parker,FFMM-PE,AMP-3-0057,cash_in,Cashin_Invest_PE,Cash_In_Amount_Individual_Entered,button_clicked,PE,🟢 VIVO (Parcial · screen_figma 81%),Mantener,39618,Fila 105,Fila 219,packages/features/generic/cash_in/module/lib/core/attribution/events.dart,Buscamos entneder el comportamiento de los usuarios en el flujo de cash in para mejorar la conversion de First cashin y del engagemente cash in,"¿Cuantas personas avanzan sobre cada paso del flujo de cashin?, ¿Cuanta plata se deja de recibir por cashin no completados?"
Parker,FFMM-PE,AMP-3-0058,cash_in,Cashin_InsertOTPCode_PE,Cash_In_OTP_Entered,button_clicked,PE,🟢 VIVO (Exacto),Mantener,169291,Fila 29,Fila 178,packages/features/generic/authentication/typing/lib/events/attribution.dart,Buscamos entneder el comportamiento de los usuarios en el flujo de cash in para mejorar la conversion de First cashin y del engagemente cash in,¿Cuantas personas avanzan sobre cada paso del flujo de cashin?
Parker,FFMM-PE,AMP-3-0059,cash_in,Cashin_AddAccount_PE,Cash_In_Add_Bank_Account,button_clicked,PE,"🟠 EN CÓDIGO, NO DISPARA",Revisar trigger en código,0,,Fila 407,packages/features/generic/payments/module/lib/core/attribution/events.dart,Buscamos entneder el comportamiento de los usuarios en el flujo de cash in para mejorar la conversion de First cashin y del engagemente cash in,"¿Cuantas personas avanzan sobre cada paso del flujo de cashin?, ¿Cuanta genta llega a la pantalla de cuenta bancaria por ser primer cashin?"
Parker,FFMM-PE,AMP-3-0060,cash_in,Cashin_AccountSelection_PE,Cash_In_Bank_Account_Selection,button_clicked,PE,🟢 VIVO (Exacto),Mantener,186025,Fila 26,Fila 412,packages/features/generic/payments/typing/lib/events/attribution.dart,Buscamos entneder el comportamiento de los usuarios en el flujo de cash in para mejorar la conversion de First cashin y del engagemente cash in,"¿Cuantas personas avanzan sobre cada paso del flujo de cashin?, ¿Cuantos personas hacen cashin desde una cuenta nueva?"
Parker,FFMM-PE,AMP-3-0020,cash_in,Cashin_AccountSelection_PE,Modal cambio de moneda,next_button,PE,"🟠 DISPARA, NO ESTÁ EN CÓDIGO",Revisar naming en código FE,3043,Fila 282,,,"Entender el comportamiento de las personas en el flujo de CI, los motivos por los cuales no continúan con el proceso. Con el objetivo de mejorar la conversión de aquellas personas que cuentan con una cuenta MDC activa.",¿Cuántas personas seleccionan una cuenta bancaria de moneda diferente a la moneda del fondo?
Parker,FFMM-PE,AMP-3-0021,cash_in,Cashin_AccountSelection_PE, Modal cambio de moneda,button_clicked,PE,"🟠 DISPARA, NO ESTÁ EN CÓDIGO",Revisar naming en código FE,7483,Fila 217,,,"Entender el comportamiento de las personas en el flujo de CI, los motivos por los cuales no continúan con el proceso. Con el objetivo de mejorar la conversión de aquellas personas que cuentan con una cuenta MDC activa.",¿Cuantas personas hacen drop off en el aviso de cambio de moneda?
Parker,FFMM-PE,AMP-3-0061,cash_in,Cashin_SummaryInvestmentFFMM_PE,Cash_In_Summary_Accepted,button_clicked,PE,🔴 SIN RASTRO,Deprecar / Implementar de cero,0,,,,Buscamos entneder el comportamiento de los usuarios en el flujo de cash in para mejorar la conversion de First cashin y del engagemente cash in,¿Cuantas personas avanzan sobre cada paso del flujo de cashin?
Parker,FFMM-PE,AMP-3-0023,cash_in,Cashin_SummaryInvestmentFFMM_PE,Resumen de inversion,,PE,🟢 VIVO (Exacto),Mantener,1977,Fila 302,Fila 225,packages/features/generic/cash_in/module/lib/core/attribution/events.dart,Buscamos entneder el comportamiento de los usuarios en el flujo de cash in para mejorar la conversion de First cashin y del engagemente cash in,¿Cuanta genta cambi su cashin usando el boton de editar?
Parker,FFMM-PE,AMP-3-0062,cash_in,FIC_SelectMethodCashIn_PE,Cash_In_Amount_Edited,button_clicked,PE,🟢 VIVO (Parcial · screen_figma 79%),Mantener,3048,Fila 281,Fila 220,packages/features/generic/cash_in/module/lib/core/attribution/events.dart,Buscamos entneder el comportamiento de los usuarios en el flujo de cash in para mejorar la conversion de First cashin y del engagemente cash in,¿Cuanta genta cambi su cashin usando el boton de editar?
Parker,FFMM-PE,AMP-3-0063,cash_in,Cashin_InvestmentInProgressFirstCI_PE,Cash_In_Succeded,screen,PE,🟢 VIVO (Exacto),Mantener,35631,Fila 114,Fila 222,packages/features/generic/cash_in/module/lib/core/attribution/events.dart,Buscamos entneder el comportamiento de los usuarios en el flujo de cash in para mejorar la conversion de First cashin y del engagemente cash in,¿Cuantas personas avanzan sobre cada paso del flujo de cashin?
Parker,FFMM-PE,AMP-3-0064,cash_in,Cashin_InvestmentInProgressEngageCI_PE,Cash_In_Succeded,screen,PE,"🟠 EN CÓDIGO, NO DISPARA",Revisar trigger en código,0,,Fila 221,packages/features/generic/cash_in/module/lib/core/attribution/events.dart,Buscamos entneder el comportamiento de los usuarios en el flujo de cash in para mejorar la conversion de First cashin y del engagemente cash in,¿Cuantas personas avanzan sobre cada paso del flujo de cashin?
Parker,FFMM-PE,AMP-3-0065,automaticDebit,GoalDetail_GoalMenuDebit_PE,Automatic_Debit_Entered_Goal,button_clicked,PE,🔴 SIN RASTRO,Deprecar / Implementar de cero,0,,,,"Buscamos entender cual es el camino que toman los usuarios para activar el debito automatico, para entender que se puede hacer para aumentar el uso de esta herramienta.","¿Cuantas personas entran a la activacion del DA desde detalle de meta?, ¿Cuantas personas realizan la accion que les perfite avanzar en el funnel?"
Parker,FFMM-PE,AMP-3-0066,automaticDebit,Settings_PE,Automatic_Debit_Entered,button_clicked,PE,"🟠 DISPARA, NO ESTÁ EN CÓDIGO",Revisar naming en código FE,9235,Fila 243,,,"Buscamos entender cual es el camino que toman los usuarios para activar el debito automatico, para entender que se puede hacer para aumentar el uso de esta herramienta.","¿Cuantas personas entran a la activacion del DA desde settings?, ¿Cuantas personas realizan la accion que les perfite avanzar en el funnel?"
Parker,FFMM-PE,AMP-3-0067,automaticDebit,Debit_GoalSelection_PE,Automatic_Debit_Goal_Selected,button_clicked,PE,🟢 VIVO (Exacto),Mantener,3787,Fila 263,Fila 382,packages/features/generic/direct_billing/module/lib/core/attribution/events.dart,"Buscamos entender cual es el camino que toman los usuarios para activar el debito automatico, para entender que se puede hacer para aumentar el uso de esta herramienta.",¿Cuantas personas realizan la accion que les perfite avanzar en el funnel?
Parker,FFMM-PE,AMP-3-0068,automaticDebit,Debit_GoalEdit_PE,Automatic_Debit_Edit_Selected,button_clicked,PE,🟢 VIVO (Exacto),Mantener,3756,Fila 264,Fila 383,packages/features/generic/direct_billing/module/lib/core/attribution/events.dart,"Buscamos entender cual es el camino que toman los usuarios para activar el debito automatico, para entender que se puede hacer para aumentar el uso de esta herramienta.",¿Cuantas personas realizan la accion que les perfite avanzar en el funnel?
Parker,FFMM-PE,AMP-3-0069,automaticDebit,Debit_InformationAddBackAccount_PE,Automatic_Debit_Activated,button_clicked,PE,🟢 VIVO (Exacto),Mantener,1649,Fila 310,Fila 386,packages/features/generic/direct_billing/module/lib/core/attribution/events.dart,"Buscamos entender cual es el camino que toman los usuarios para activar el debito automatico, para entender que se puede hacer para aumentar el uso de esta herramienta.",¿Cuantas personas realizan la accion que les perfite avanzar en el funnel?
Parker,FFMM-PE,AMP-3-0073,rollover,FundClosed_Detail_PE,Roll_StartA,action_button_clicked,PE,"🟠 DISPARA, NO ESTÁ EN CÓDIGO",Revisar naming en código FE,86,Fila 415,,,Queremos saber como se esta comportando el flujo de rollover  para mejorar la conversion general de clientes que realizan reinversión.,¿Cuál es el porcentaje de conversión de clientes por paso en el flujo de Rollover A?
Parker,FFMM-PE,AMP-3-0074,rollover,FundClosedA_FundConfigurationSelection_PE,Roll_ SelectionA,action_button_clicked,PE,"🟠 DISPARA, NO ESTÁ EN CÓDIGO",Revisar naming en código FE,51,Fila 431,,,Queremos saber como se esta comportando el flujo de rollover  para mejorar la conversion general de clientes que realizan reinversión.,¿Cuantas personas eligen quiero re invertir?
Parker,FFMM-PE,AMP-3-0075,rollover,FundClosedA_FundConfigurationSelection_PE,Roll_WithdrawA,action_button_clicked,PE,"🟠 DISPARA, NO ESTÁ EN CÓDIGO",Revisar naming en código FE,57,Fila 428,,,Queremos saber como se esta comportando el flujo de rollover  para mejorar la conversion general de clientes que realizan reinversión.,¿Cuantas personas eligen Quiero retirar?
Parker,FFMM-PE,AMP-3-0076,rollover,FundClosedA_FundConfigurationSelection_PE,Roll_CampaignA,action_button_clicked,PE,"🟠 DISPARA, NO ESTÁ EN CÓDIGO",Revisar naming en código FE,1,Fila 485,,,Queremos saber como se esta comportando el flujo de rollover  para mejorar la conversion general de clientes que realizan reinversión.,¿Cuantas personas entran a la campaña de promoción de growth desde el flujo de reinversión?
Parker,FFMM-PE,AMP-3-0077,rollover,FundClosedA_Rollover_PE,Roll_TotalInvestA,action_button_clicked,PE,"🟠 DISPARA, NO ESTÁ EN CÓDIGO",Revisar naming en código FE,39,Fila 435,,,Queremos saber como se esta comportando el flujo de rollover  para mejorar la conversion general de clientes que realizan reinversión.,¿Cuál es el porcentaje de conversión de clientes por paso en el flujo de Rollover A?
Parker,FFMM-PE,AMP-3-0078,rollover,FundClosedA_Rollover_PE,Roll_PartInvestA,action_button_clicked,PE,"🟠 DISPARA, NO ESTÁ EN CÓDIGO",Revisar naming en código FE,15,Fila 449,,,Queremos saber como se esta comportando el flujo de rollover  para mejorar la conversion general de clientes que realizan reinversión.,¿Cuál es el porcentaje de conversión de clientes por paso en el flujo de Rollover A?
Parker,FFMM-PE,AMP-3-0079,rollover,FundClosedA_Rollover_PE,Roll_ContinueSelA,action_button_clicked,PE,"🟠 DISPARA, NO ESTÁ EN CÓDIGO",Revisar naming en código FE,12,Fila 455,,,Queremos saber como se esta comportando el flujo de rollover  para mejorar la conversion general de clientes que realizan reinversión.,¿Cuál es el porcentaje de conversión de clientes por paso en el flujo de Rollover A?
Parker,FFMM-PE,AMP-3-0080,rollover,FundClosedA_RolloverSummaryEnrolledAccount_PE,Roll_Account_PencilA,edit_button_clicked,PE,🔴 SIN RASTRO,Deprecar / Implementar de cero,0,,,,Queremos saber como se esta comportando el flujo de rollover  para mejorar la conversion general de clientes que realizan reinversión.,¿Cuál es el porcentaje de conversión de clientes por paso en el flujo de Rollover A?
Parker,FFMM-PE,AMP-3-0083,rollover,FundClosedA_RolloverSummaryAddAccount_PE,Roll_Add_AccountA,action_button_clicked,PE,🔴 SIN RASTRO,Deprecar / Implementar de cero,0,,,,Queremos saber como se esta comportando el flujo de rollover  para mejorar la conversion general de clientes que realizan reinversión.,¿Cuál es el porcentaje de conversión de clientes por paso en el flujo de Rollover A?
Parker,FFMM-PE,AMP-3-0085,rollover,FundClosedA_RolloverSummaryErrorModal_PE,Roll_Support,action_button_clicked,PE,🔴 SIN RASTRO,Deprecar / Implementar de cero,0,,,,Queremos saber como se esta comportando el flujo de rollover  para mejorar la conversion general de clientes que realizan reinversión.,¿Cuál es el porcentaje de adopción y visualización de las ayudas dentro del flujo de rollover?
Parker,FFMM-PE,AMP-3-0086,rollover,FundClosedA_FundConfigurationRolloverSucces_PE,Roll_ChangeConfiA,action_button_clicked,PE,"🟠 DISPARA, NO ESTÁ EN CÓDIGO",Revisar naming en código FE,11,Fila 456,,,Queremos saber como se esta comportando el flujo de rollover  para mejorar la conversion general de clientes que realizan reinversión.,¿Cuál es el porcentaje de conversión de clientes por paso en el flujo de Rollover A?
Parker,FFMM-PE,AMP-3-0087,rollover,FundClosed_Detail_PE,Roll_EndedA,screen,PE,🔴 SIN RASTRO,Deprecar / Implementar de cero,0,,,,Queremos saber como se esta comportando el flujo de rollover  para mejorar la conversion general de clientes que realizan reinversión.,"¿Cuál es el porcentaje de conversión de clientes por paso en el flujo de Rollover A?, ¿Cuál es el tiempo promedio que le lleva a los clientes completar el flujo de reinversión?"
Parker,FFMM-PE,AMP-3-0088,rollover,FundClosed_Detail_PE,Roll_EndChangeA,action_button_clicked,PE,"🟠 DISPARA, NO ESTÁ EN CÓDIGO",Revisar naming en código FE,4,Fila 473,,,Queremos saber como se esta comportando el flujo de rollover  para mejorar la conversion general de clientes que realizan reinversión.,¿Cuál es el porcentaje de conversión de clientes por paso en el flujo de Rollover A?
Parker,FFMM-PE,AMP-3-0089,rollover,FundClosed_Detail_PE,Roll_EndPencilA,edit_button_clicked,PE,🔴 SIN RASTRO,Deprecar / Implementar de cero,0,,,,Queremos saber como se esta comportando el flujo de rollover  para mejorar la conversion general de clientes que realizan reinversión.,¿Cuál es el porcentaje de conversión de clientes por paso en el flujo de Rollover A?
Parker,FFMM-PE,AMP-3-0091,rollover,FundClosedA_RolloverSummaryAnotherValueAddAccount_PE,Roll_PartAdd_AccountA,action_button_clicked,PE,🔴 SIN RASTRO,Deprecar / Implementar de cero,0,,,,Queremos saber como se esta comportando el flujo de rollover  para mejorar la conversion general de clientes que realizan reinversión.,¿Cuál es el porcentaje de conversión de clientes por paso en el flujo de Rollover A?
Parker,FFMM-PE,AMP-3-0096,rollover,FundClosedA_FundConfigurationCashoutSucces_PE,Roll_ConfWithA,action_button_clicked,PE,"🟠 DISPARA, NO ESTÁ EN CÓDIGO",Revisar naming en código FE,19,Fila 444,,,Queremos saber como se esta comportando el flujo de rollover  para mejorar la conversion general de clientes que realizan reinversión.,¿Cuantas personas eligen Quiero retirar?
Parker,FFMM-PE,AMP-3-0097,rollover,FundClosed_Detail_PE,Roll_ChangeWithA,action_button_clicked,PE,"🟠 DISPARA, NO ESTÁ EN CÓDIGO",Revisar naming en código FE,13,Fila 454,,,Queremos saber como se esta comportando el flujo de rollover  para mejorar la conversion general de clientes que realizan reinversión.,¿Cuantas personas eligen Quiero retirar?
Parker,FFMM-PE,AMP-3-0098,rollover,FundClosed_Detail_PE,Roll_EndWithA,screen,PE,🔴 SIN RASTRO,Deprecar / Implementar de cero,0,,,,Queremos saber como se esta comportando el flujo de rollover  para mejorar la conversion general de clientes que realizan reinversión.,¿Cuantas personas eligen Quiero retirar?
Parker,FFMM-PE,AMP-3-0099,rollover,FundClosedB_Detail_PE,Roll_StartB,action_button_clicked,PE,"🟠 DISPARA, NO ESTÁ EN CÓDIGO",Revisar naming en código FE,86,Fila 415,,,Queremos saber como se esta comportando el flujo de rollover  para mejorar la conversion general de clientes que realizan reinversión.,¿Cuál es el porcentaje de conversión de clientes por paso en el flujo de Rollover B?
Parker,FFMM-PE,AMP-3-0100,rollover,FundClosedB_FundConfigurationSelectionB_PE,Roll_ SelectionB,action_button_clicked,PE,"🟠 DISPARA, NO ESTÁ EN CÓDIGO",Revisar naming en código FE,51,Fila 431,,,Queremos saber como se esta comportando el flujo de rollover  para mejorar la conversion general de clientes que realizan reinversión.,¿Cuál es el porcentaje de conversión de clientes por paso en el flujo de Rollover B?
Parker,FFMM-PE,AMP-3-0101,rollover,FundClosedB_FundConfigurationSelectionB_PE,Roll_CampaignB,action_button_clicked,PE,"🟠 DISPARA, NO ESTÁ EN CÓDIGO",Revisar naming en código FE,1,Fila 485,,,Queremos saber como se esta comportando el flujo de rollover  para mejorar la conversion general de clientes que realizan reinversión.,¿Cuál es el porcentaje de conversión de clientes por paso en el flujo de Rollover B?
Parker,FFMM-PE,AMP-3-0102,rollover,FundClosedB_FundConfigurationSelectionB_PE,Roll_WithdrawB,action_button_clicked,PE,"🟠 DISPARA, NO ESTÁ EN CÓDIGO",Revisar naming en código FE,57,Fila 428,,,Queremos saber como se esta comportando el flujo de rollover  para mejorar la conversion general de clientes que realizan reinversión.,¿Cuantas personas eligen Quiero retirar?
Parker,FFMM-PE,AMP-3-0104,rollover,FundClosedB_FundConfigurationSucces_PE,Roll_ChangeConfiB,action_button_clicked,PE,🔴 SIN RASTRO,Deprecar / Implementar de cero,0,,,,Queremos saber como se esta comportando el flujo de rollover  para mejorar la conversion general de clientes que realizan reinversión.,¿Cuál es el porcentaje de conversión de clientes por paso en el flujo de Rollover B?
Parker,FFMM-PE,AMP-3-0105,rollover,FundClosedB_Detail_PE,Roll_EndedB,screen,PE,🔴 SIN RASTRO,Deprecar / Implementar de cero,0,,,,Queremos saber como se esta comportando el flujo de rollover  para mejorar la conversion general de clientes que realizan reinversión.,"¿Cuál es el porcentaje de conversión de clientes por paso en el flujo de Rollover B?, ¿Cuál es el tiempo promedio que le lleva a los clientes completar el flujo de reinversión?"
Parker,FFMM-PE,AMP-3-0106,rollover,FundClosedB_Detail_PE,Roll_EndChangeB,action_button_clicked,PE,"🟠 DISPARA, NO ESTÁ EN CÓDIGO",Revisar naming en código FE,4,Fila 473,,,Queremos saber como se esta comportando el flujo de rollover  para mejorar la conversion general de clientes que realizan reinversión.,¿Cuál es el porcentaje de conversión de clientes por paso en el flujo de Rollover B?
Parker,FFMM-PE,AMP-3-0107,rollover,FundClosedB_FundConfigurationCashoutSucces_PE,Roll_ConfWithB,action_button_clicked,PE,"🟠 DISPARA, NO ESTÁ EN CÓDIGO",Revisar naming en código FE,19,Fila 444,,,Queremos saber como se esta comportando el flujo de rollover  para mejorar la conversion general de clientes que realizan reinversión.,¿Cuál es el porcentaje de conversión de clientes por paso en el flujo de Rollover B?
Parker,FFMM-PE,AMP-3-0108,Yape,Yape_Download_PE,Yape_Download,action_button_clicked,PE,🔴 SIN RASTRO,Deprecar / Implementar de cero,0,,,,Queremos conocer la cantidad de usuarios Yape que descargan la app de Tyba ,¿Cuantos usuarios Yape descargan la app de tyba?
Parker,TRANSVERSAL,AMP-3-0109,login,Onboarding_ModalBCPAccountRegister_PE,Onboarding_New_OpenAcc,action_button_clicked,PE,🟢 VIVO (Divergente · screen_analytics 33%),Mantener,66058,Fila 69,Fila 157,packages/features/generic/authentication/module/lib/core/attribution/events.dart,Queremos disminuir  la cantidad de usuarios sin cuenta BCP  que se registran  en la app,¿Cuantos usuarios eligen abrir cuenta digital?
Parker,TRANSVERSAL,AMP-3-0110,login,Onboarding_ModalBCPAccountRegister_PE,Onboarding_Cuenta_BCP,action_button_clicked,PE,🔴 SIN RASTRO,Deprecar / Implementar de cero,0,,,,Queremos disminuir  la cantidad de usuarios sin cuenta BCP  que se registran  en la app,¿Cuantos usuarios ya tienen cuenta BCP?
Parker,FFMM-PE,AMP-3-0111,automaticDebit,SQIDetail_Fund_PE,Automatic_Debit_Entered_SQI,button_clicked,PE,🟢 VIVO (Exacto),Mantener,3986,Fila 258,Fila 141,packages/features/core/sqi/module/lib/core/attribution/events.dart,"Buscamos entender cual es el camino que toman los usuarios para activar el debito automatico, para entender que se puede hacer para aumentar el uso de esta herramienta.","¿Cuantas personas entran a la activacion del DA desde detalle de meta?, ¿Cuantas personas realizan la accion que les perfite avanzar en el funnel?"
Parker,FFMM-PE,AMP-3-0112,automaticDebit,Dashboard_Movements_PE,Automatic_Debit_Entered_Move,button_clicked,PE,"🟠 DISPARA, NO ESTÁ EN CÓDIGO",Revisar naming en código FE,2293,Fila 297,,,"Buscamos entender cual es el camino que toman los usuarios para activar el debito automatico, para entender que se puede hacer para aumentar el uso de esta herramienta.",¿Cuantas personas ingresan al flujo de DA desde el banner de la sección de movimientos?
Parker,FFMM-PE,AMP-3-0113,automaticDebit,Dashboard_PE,Automatic_Debit_Entered_Dash,button_clicked,PE,"🟠 EN CÓDIGO, NO DISPARA",Revisar trigger en código,0,,Fila 326,packages/features/generic/dashboard/module/lib/core/attribution/events.dart,"Buscamos entender cual es el camino que toman los usuarios para activar el debito automatico, para entender que se puede hacer para aumentar el uso de esta herramienta.",¿Cuantas personas ingresan al flujo de DA desde el banner que aparece en el dashboard?
Parker,FFMM-PE,AMP-3-0114,automaticDebit,Dashboard_ModalManage_PE,Automatic_Debit_Entered_Manage,button_clicked,PE,"🟠 DISPARA, NO ESTÁ EN CÓDIGO",Revisar naming en código FE,5027,Fila 246,,,"Buscamos entender cual es el camino que toman los usuarios para activar el debito automatico, para entender que se puede hacer para aumentar el uso de esta herramienta.",¿Cuantas personas ingresan al flujo de DA desde el dashboard cuando dan tab en el botón gestionar?
Parker,FFMM-PE,AMP-3-0115,automaticDebit,Cashin_SummaryInvestmentFFMM_PE,Automatic_Debit_Entered_CI,Toggle_Button,PE,🟢 VIVO (Divergente · object 46%),Mantener,119157,Fila 39,Fila 231,packages/features/generic/cash_in/module/lib/core/attribution/events.dart,"Buscamos entender cual es el camino que toman los usuarios para activar el debito automatico, para entender que se puede hacer para aumentar el uso de esta herramienta.",¿Cuantas personas ingresan al flujo de DA desde el resúmen de Cash in de Fondos Mutuos?
Parker,FFMM-PE,AMP-3-0116,automaticDebit,GoalDetail_Fund_PE,Automatic_Debit_Entered_Goal,button_clicked,PE,🟢 VIVO (Exacto),Mantener,56,Fila 429,Fila 15,packages/features/core/fic/module/lib/core/attribution/events.dart,"Buscamos entender cual es el camino que toman los usuarios para activar el debito automatico, para entender que se puede hacer para aumentar el uso de esta herramienta.","¿Cuantas personas entran a la activacion del DA desde detalle de meta?, ¿Cuantas personas realizan la accion que les perfite avanzar en el funnel?"
Parker,FFMM-PE,AMP-3-0024,cash_in,Cashin_SummaryInvestmentFFMM_PE,Modal advertencia fondo protegido,button_clicked,PE,🟢 VIVO (Divergente · object 29%),Mantener,10,Fila 459,Fila 229,packages/features/generic/cash_in/module/lib/core/attribution/events.dart,"Entender el comportamiento de las personas en el flujo de CI, los motivos por los cuales no continúan con el proceso. Con el objetivo de mejorar la conversión de aquellas personas que cuentan con una cuenta MDC activa.",Para aquellas personas que invierten en fondos con capital protegido ¿Cuántas personas interactúan en la pantalla de información del detalle del fondo? -- Boton cancelar
Parker,FFMM-PE,AMP-3-0035 / AMP-3-0036,cash_in,Cashin_VerificationOptions_PE,Pantallas de verificación de 2 pasos,drop off,PE,🟢 VIVO (Exacto),Mantener,4670,Fila 249,Fila 152,packages/features/generic/authentication/module/lib/core/attribution/events.dart,"Entender el comportamiento de las personas en el flujo de CI, los motivos por los cuales no continúan con el proceso. Con el objetivo de mejorar la conversión de aquellas personas que cuentan con una cuenta MDC activa.","¿Cuantas personas hacen drop off en la verificacion de 2 pasos?, Validar cuantas personas estan usando el flujo para el paso a funcionalidad de debito automatico"
Parker,FFMM-PE,AMP-3-0025 / AMP-3-0037,cash_in,Cashin_InsertOTPCode_PE,Pantallas de escribir código,drop off,,🟢 VIVO (Divergente · object 9%),Mantener,9232,Fila 209,Fila 154,packages/features/generic/authentication/module/lib/core/attribution/events.dart,,
Parker,FFMM-PE,AMP-3-0026,cash_in,Cashin_AddAccount_PE,Pantallas de añadir cuenta bancaria,Flecha,,"🟠 DISPARA, NO ESTÁ EN CÓDIGO",Revisar naming en código FE,10351,Fila 203,,,"Entender el comportamiento de las personas en el flujo de CI, los motivos por los cuales no continúan con el proceso. Con el objetivo de mejorar la conversión de aquellas personas que cuentan con una cuenta MDC activa.",¿Cuántas personas se caen en la pantalla de AddAccount?
Parker,FFMM-PE,AMP-3-0038,cash_in,Cashin_AddBankType_PE,Pantallas de añadir cuenta bancaria,drop off,,🔴 SIN RASTRO,Deprecar / Implementar de cero,0,,,,,
Parker,FFMM-PE,AMP-3-0027,cash_in,Cashin_SummaryInvestmentFFMM_PE,Resumen de inversion,question_icon,PE,🟢 VIVO (Divergente · object 23%),Mantener,642,Fila 344,Fila 224,packages/features/generic/cash_in/module/lib/core/attribution/events.dart,"Entender el comportamiento de las personas en el flujo de CI, los motivos por los cuales no continúan con el proceso. Con el objetivo de mejorar la conversión de aquellas personas que cuentan con una cuenta MDC activa.",¿Cuántas personas están interactuando con el tooltip del ITF?
Parker,FFMM-PE,AMP-3-0028,cash_in,Cashin_SummaryInvestmentFFMM_PE,Resumen de inversion,back_button,PE,🟢 VIVO (Exacto),Mantener,12380,Fila 187,Fila 223,packages/features/generic/cash_in/module/lib/core/attribution/events.dart,"Entender el comportamiento de las personas en el flujo de CI, los motivos por los cuales no continúan con el proceso. Con el objetivo de mejorar la conversión de aquellas personas que cuentan con una cuenta MDC activa.",¿Cuánto dinero se dejo de percibir por aquellos usuarios no acabaron el flujo? -- Drop off en el resumen
Parker,FFMM-PE,AMP-3-0029,cash_in,Cashin_InvestmentInProcessFirstCI_PE,Ver movimientos FCI,button_clicked,PE,"🟠 EN CÓDIGO, NO DISPARA",Revisar trigger en código,0,,Fila 226,packages/features/generic/cash_in/module/lib/core/attribution/events.dart,,"Validar cuantas personas estan usando el flujo para el paso a funcionalidad de movimientos, FCI"
Parker,FFMM-PE,AMP-3-0030,cash_in,Cashin_InvestmentInProcessRestartCI_PE,Ver movimientos Restart,button_clicked,PE,🔴 SIN RASTRO,Deprecar / Implementar de cero,0,,,,,"Validar cuantas personas estan usando el flujo para el paso a funcionalidad de movimientos, Restart Account"
Parker,FFMM-PE,AMP-3-0031,cash_in,Cashin_InvestmentInProcessEngagedCI_PE,Ver movimientos Engagement,button_clicked,PE,"🟠 EN CÓDIGO, NO DISPARA",Revisar trigger en código,0,,Fila 214,packages/features/generic/cash_in/module/lib/core/attribution/events.dart,,"Validar cuantas personas estan usando el flujo para el paso a funcionalidad de movimientos, Engagement"
Parker,FFMM-PE,AMP-3-0032,automaticDebit,,,next_button / button_clicked,PE,⚫ VACÍO / SIN DATOS,Completar Documentación,0,,,,"Entender el comportamiento de las personas en el flujo de CI, los motivos por los cuales no continúan con el proceso. Con el objetivo de mejorar la conversión de aquellas personas que cuentan con una cuenta MDC activa.",Validar cuantas personas estan usando el flujo para el paso a funcionalidad de debito automatico
Parker,FFMM-PE,AMP-3-0033,automaticDebit,Transactions_Cashin_PE,Movimientos ,Banner,PE,🔴 SIN RASTRO,Deprecar / Implementar de cero,0,,,,"Entender el comportamiento de las personas en el flujo de CI, los motivos por los cuales no continúan con el proceso. Con el objetivo de mejorar la conversión de aquellas personas que cuentan con una cuenta MDC activa.",Validar cuantas personas estan usando el flujo para el paso a funcionalidad de debito automatico
Parker,FFMM-PE,AMP-3-0035 / AMP-3-0036,cash_in,Cashin_VerificationOptions_PE,Pantallas de verificación de 2 pasos,drop off,PE,🟢 VIVO (Exacto) (⚠️ Colisión),Mantener,4670,Fila 249,Fila 152,packages/features/generic/authentication/module/lib/core/attribution/events.dart,"Entender el comportamiento de las personas en el flujo de CI, los motivos por los cuales no continúan con el proceso. Con el objetivo de mejorar la conversión de aquellas personas que cuentan con una cuenta MDC activa.","¿Cuantas personas hacen drop off en la verificacion de 2 pasos?, Validar cuantas personas estan usando el flujo para el paso a funcionalidad de debito automatico"
Parker,FFMM-PE,AMP-3-0034,cash_in,Debit_Intro_PE,Continuar al debito automatico,next_button,PE,🔴 SIN RASTRO,Deprecar / Implementar de cero,0,,,,"Entender el comportamiento de las personas en el flujo de CI, los motivos por los cuales no continúan con el proceso. Con el objetivo de mejorar la conversión de aquellas personas que cuentan con una cuenta MDC activa.","Validar cuantas personas estan usando el flujo para el paso a funcionalidad de debito automatico, Validar cuantas personas estan usando el flujo para el paso a funcionalidad de debito automatico, Validar cuantas personas estan usando el flujo para el paso a funcionalidad de debito automatico"
Parker,FFMM-PE,AMP-3-0034,cash_in,Debit_Intro_PE,Continuar al debito automatico,next_button,PE,🔴 SIN RASTRO,Deprecar / Implementar de cero,0,,,,"Entender el comportamiento de las personas en el flujo de CI, los motivos por los cuales no continúan con el proceso. Con el objetivo de mejorar la conversión de aquellas personas que cuentan con una cuenta MDC activa.","Validar cuantas personas estan usando el flujo para el paso a funcionalidad de debito automatico, Validar cuantas personas estan usando el flujo para el paso a funcionalidad de debito automatico, Validar cuantas personas estan usando el flujo para el paso a funcionalidad de debito automatico"
Parker,FFMM-PE,AMP-3-0034,cash_in,Debit_Intro_PE,Continuar al debito automatico,next_button,PE,🔴 SIN RASTRO,Deprecar / Implementar de cero,0,,,,"Entender el comportamiento de las personas en el flujo de CI, los motivos por los cuales no continúan con el proceso. Con el objetivo de mejorar la conversión de aquellas personas que cuentan con una cuenta MDC activa.","Validar cuantas personas estan usando el flujo para el paso a funcionalidad de debito automatico, Validar cuantas personas estan usando el flujo para el paso a funcionalidad de debito automatico, Validar cuantas personas estan usando el flujo para el paso a funcionalidad de debito automatico"
Parker,FFMM-PE,AMP-3-0039,cash_in,Cashin_SummaryInvestmentFFMM_PE,Modal fondo protegido,X,PE,🟢 VIVO (Divergente · object 0%),Mantener,7,Fila 468,Fila 228,packages/features/generic/cash_in/module/lib/core/attribution/events.dart,"Entender el comportamiento de las personas en el flujo de CI, los motivos por los cuales no continúan con el proceso. Con el objetivo de mejorar la conversión de aquellas personas que cuentan con una cuenta MDC activa.",¿Cuantas personas salieron del flujo en el modal de fondo protegido?
Parker,FFMM-PE,AMP-3-0070,automaticDebit,Debit_Success_PE,Automatic_Debit_Successs_Activated,,PE,🟢 VIVO (Exacto),Mantener,2018,Fila 301,Fila 387,packages/features/generic/direct_billing/module/lib/core/attribution/events.dart,"Buscamos entender cual es el camino que toman los usuarios para activar el debito automatico, para entender que se puede hacer para aumentar el uso de esta herramienta.","¿Cuantas personas realizan la accion que les perfite avanzar en el funnel?, ¿Cuantas activaciones de los DA corresponden activaciones de DA viejos?"
Parker,FFMM-PE,AMP-3-0071,automaticDebit,Debit_GoalSelect_CO,Automatic_Debit_Activated,button_clicked,PE,🔴 SIN RASTRO,Deprecar / Implementar de cero,0,,,,"Buscamos entender cual es el camino que toman los usuarios para activar el debito automatico, para entender que se puede hacer para aumentar el uso de esta herramienta.","¿Cuantas personas realizan la accion que les perfite avanzar en el funnel?, ¿Cuantas activaciones de los DA corresponden activaciones de DA viejos?"
Parker,FFMM-PE,AMP-3-0072,automaticDebit,Cashin_DebitSuccess_CO,Automatic_Debit_Successs_Activated,screen,PE,🔴 SIN RASTRO,Deprecar / Implementar de cero,0,,,,"Buscamos entender cual es el camino que toman los usuarios para activar el debito automatico, para entender que se puede hacer para aumentar el uso de esta herramienta.","¿Cuantas personas realizan la accion que les perfite avanzar en el funnel?, ¿Cuantas activaciones de los DA corresponden activaciones de DA viejos?"
Parker,TRANSVERSAL,AMP-3-0117,cash_out,Dashboard,Cash out Entered,action_button_clicked,"PE,CO,CL",🟢 VIVO (Exacto),Mantener,77710,Fila 56,Fila 318,packages/features/generic/dashboard/module/lib/core/attribution/events.dart,,¿Cuántos usuarios llegan a cada pantalla del cashout? 
Parker,TRANSVERSAL,AMP-3-0118,cash_out,Settings, Cash out Entered,action_button_clicked,"PE,CO,CL",🟢 VIVO (Exacto),Mantener,25,Fila 441,Fila 146,packages/features/generic/account/module/lib/core/attribution/events.dart,,¿Cuántos usuarios llegan a cada pantalla del cashout? 
Parker,FFMM-PE,AMP-3-0119,cash_out,Cashout_Reason,Cash Out Reason Selected,action_button_clicked,"PE,CO,CL",🔴 SIN RASTRO,Deprecar / Implementar de cero,0,,,,,¿Cuántos usuarios llegan a cada pantalla del cashout? 
Parker,FFMM-PE,AMP-3-0120,cash_out,Cashout_Reason,MotivoCashOut_TrasladaEntreFondos_PefieroOtroLugar,button_clicked,PE,🔴 SIN RASTRO,Deprecar / Implementar de cero,0,,,,Buscamos entender cual es el camino que toman los clientes al retirar,¿Cuantas personas entran a realizar un retiro?
Parker,FFMM-PE,AMP-3-0121,cash_out,Cashout_SelectMultipleAmount,Cash out amount entered,action_button_clicked,"PE,CO,CL","🟠 DISPARA, NO ESTÁ EN CÓDIGO",Revisar naming en código FE,2,Fila 478,,,,¿Cuántos usuarios llegan a cada pantalla del cashout? 
Parker,FFMM-PE,AMP-3-0122,cash_out,Cashout_SelectAmount,Cash out amount entered,action_button_clicked,"PE,CO,CL",🔴 SIN RASTRO,Deprecar / Implementar de cero,0,,,,,¿Cuántos usuarios llegan a cada pantalla del cashout? 
Parker,FFMM-PE,AMP-3-0123,cash_out,Cashout_ChooseBankAccount,Cash out bank entered,action_button_clicked,"PE,CO,CL",🟢 VIVO (Exacto),Mantener,94,Fila 408,Fila 288,packages/features/generic/cash_out/module/lib/core/attribution/events.dart,,"¿Cuántos usuarios llegan a cada pantalla del cashout? , ¿Que proporcion de los cashout son a cuantas ya registradas?"
Parker,FFMM-PE,AMP-3-0124,cash_out,Cashout_Summary,Cash out summary,action_button_clicked,"PE,CO,CL",🔴 SIN RASTRO,Deprecar / Implementar de cero,0,,,,,"¿Cuántos usuarios llegan a cada pantalla del cashout? , ¿Cuantas personas usan determinados bancos (pocentaje)?, ¿Cual es la tasa de conversion de acuerdo al banco del cashout?"
Parker,FFMM-PE,AMP-3-0125,cash_out,Cashout_Success,Cash in completed,button_text_clicked,"PE,CO,CL",🔴 SIN RASTRO,Deprecar / Implementar de cero,0,,,,,"¿Cuántos usuarios llegan a cada pantalla del cashout? , ¿Cual es la tasa de conversion de acuerdo al banco del cashout?"
Parker,FFMM-PE,AMP-3-0126,cash_out,FFMM_GoalDetail,Cash out Entered,action_button_clicked,CL,🔴 SIN RASTRO,Deprecar / Implementar de cero,0,,,,,¿Cuántos usuarios llegan a cada pantalla del cashout? 
Parker,FFMM-PE,AMP-3-0127,cash_out,SQIDetail_Fund,Cash out Entered,action_button_clicked,CL,🟢 VIVO (Exacto),Mantener,28,Fila 439,Fila 127,packages/features/core/sqi/module/lib/core/attribution/events.dart,,¿Cuántos usuarios llegan a cada pantalla del cashout? 
Parker,FFMM-PE,AMP-3-0128,cash_out,Cashout_SelectProduct_currency,,button_clicked,PE,🔴 SIN RASTRO,Deprecar / Implementar de cero,0,,,,Queremos saber el comportamiento de los usuarios al momento de crear un tyba Pocket,"¿Cuántos usuarios crean exitosamente su pocket y siguen al flujo de cash-in?, ¿Cuál es el porcentaje de conversión del flujo de creación de pocket?"
Parker,FFMM-PE,AMP-3-0129,cash_out,Cashout_Summary,,button_clicked,PE,🔴 SIN RASTRO,Deprecar / Implementar de cero,0,,,,Queremos saber el comportamiento de los usuarios al momento de crear un tyba Pocket,"¿Cuántos usuarios crean exitosamente su pocket y siguen al flujo de cash-in?, ¿Cuál es el porcentaje de conversión del flujo de creación de pocket?"
Parker,POCKET,AMP-3-0130,cash_out,Pocket_Detail,,button_clicked,"PE, CO",🔴 SIN RASTRO,Deprecar / Implementar de cero,0,,,,Buscamos entender cual es el camino que toman los clientes al retirar,¿Cuantas personas entran a realizar un retiro?
Parker,POCKET,AMP-3-0131,cash_in,Pocket_Detail,,button_clicked,"PE, CO",🔴 SIN RASTRO,Deprecar / Implementar de cero,0,,,,Buscamos entender cual es el camino que toman los clientes al retirar,¿Cuantas personas entran a realizar un retiro?
Parker,FFMM-PE,AMP-3-0132,Traslado de metas,TransferProducts_OriginalProduct_PE,TransferProducts_ProductoInicial,screen,PE,🔴 SIN RASTRO,Deprecar / Implementar de cero,0,,,,"Buscamos entender cual es el camino que toman los clientes para se van por traslado de metas, para entender que se puede hacer para aumentar el uso de esta herramienta.",¿Cuantas personas avanzan sobre cada paso del flujo de traslado de metas?
Parker,FFMM-PE,AMP-3-0133,Traslado de metas,TransferProducts_DestinationProduct_PE,TransferProducts_ProductoDestino,screen,PE,🔴 SIN RASTRO,Deprecar / Implementar de cero,0,,,,"Buscamos entender cual es el camino que toman los clientes para se van por traslado de metas, para entender que se puede hacer para aumentar el uso de esta herramienta.",¿Cuantas personas avanzan sobre cada paso del flujo de traslado de metas?
Parker,FFMM-PE,AMP-3-0134,Traslado de metas,TransferProducts_AmmountProduct_PE,TransferProducts_MontoTraslado,screen,PE,🔴 SIN RASTRO,Deprecar / Implementar de cero,0,,,,"Buscamos entender cual es el camino que toman los clientes para se van por traslado de metas, para entender que se puede hacer para aumentar el uso de esta herramienta.",¿Cuantas personas avanzan sobre cada paso del flujo de traslado de metas?
Parker,FFMM-PE,AMP-3-0135,Traslado de metas,TransferProducts_AmmountProduct_PE,TransferProducts_MontoTraslado,screen,PE,🔴 SIN RASTRO,Deprecar / Implementar de cero,0,,,,"Buscamos entender cual es el camino que toman los clientes para se van por traslado de metas, para entender que se puede hacer para aumentar el uso de esta herramienta.",¿Cuantas personas avanzan sobre cada paso del flujo de traslado de metas?
Parker,FFMM-PE,AMP-3-0136,Traslado de metas,TransferProducts_Summary_PE,TransferProducts_VerificaTraslado,screen,PE,🔴 SIN RASTRO,Deprecar / Implementar de cero,0,,,,"Buscamos entender cual es el camino que toman los clientes para se van por traslado de metas, para entender que se puede hacer para aumentar el uso de esta herramienta.",¿Cuantas personas avanzan sobre cada paso del flujo de traslado de metas?
Parker,FFMM-PE,AMP-3-0137,Traslado de metas,TransferProducts_Summary_PE,TransferProducts_ConfirmaTraslado,button_clicled,PE,🔴 SIN RASTRO,Deprecar / Implementar de cero,0,,,,"Buscamos entender cual es el camino que toman los clientes para se van por traslado de metas, para entender que se puede hacer para aumentar el uso de esta herramienta.",¿Cuantas personas avanzan sobre cada paso del flujo de traslado de metas?
Parker,FFMM-PE,AMP-3-0138,Traslado de metas,TransferProducts_Success_PE,TransferProducts_Success ,screen,PE,🔴 SIN RASTRO,Deprecar / Implementar de cero,0,,,,"Buscamos entender cual es el camino que toman los clientes para se van por traslado de metas, para entender que se puede hacer para aumentar el uso de esta herramienta.",¿Cuantas personas avanzan sobre cada paso del flujo de traslado de metas?
Parker,POCKET,AMP-3-0139,product_creation,Onboarding_ProductOffer,Pocket_Product_selection,button_clicked,PE,🟢 VIVO (Exacto),Mantener,47807,Fila 89,Fila 330,packages/features/generic/dashboard/module/lib/core/attribution/events.dart,Queremos saber el comportamiento de los usuarios al momento de crear un tyba Pocket,"¿Cuantos usuarios crean pocket desde la vitrina?, ¿Cuál es el porcentaje de conversión del flujo de creación de pocket?"
Parker,POCKET,AMP-3-0140,product_creation,Dashboard,Pocket_Product_selection,button_clicked,PE,🟢 VIVO (Exacto),Mantener,14153,Fila 176,Fila 331,packages/features/generic/dashboard/module/lib/core/attribution/events.dart,Queremos saber el comportamiento de los usuarios al momento de crear un tyba Pocket,"¿Cuantos usuarios crean pocket desde el dashboard?, ¿Cuál es el porcentaje de conversión del flujo de creación de pocket?"
Parker,POCKET,AMP-3-0141,product_creation,Dasboard_ModalCurrency,Pocket_Product_creation,button_clicked,PE,🟢 VIVO (Exacto),Mantener,60484,Fila 68,Fila 332,packages/features/generic/dashboard/module/lib/core/attribution/events.dart,Queremos saber el comportamiento de los usuarios al momento de crear un tyba Pocket,¿En qué moneda crean más los usuarios su pocket (Sol/USD)?
Parker,POCKET,AMP-3-0142,product_creation,Pocket_Simulator,Pocket_Amount_Entered,button_clicked,PE,🟢 VIVO (Exacto),Mantener,39753,Fila 103,Fila 119,packages/features/core/pocket/module/lib/core/attribution/events.dart,Queremos saber el comportamiento de los usuarios al momento de crear un tyba Pocket,¿Cuanto invierten los usuarios en tyba Pocket?
Parker,POCKET,AMP-3-0143,product_creation,Pocket_Simulator,Pocket_Simulation_Continue,button_clicked,PE,🟢 VIVO (Exacto),Mantener,39753,Fila 104,Fila 120,packages/features/core/pocket/module/lib/core/attribution/events.dart,Queremos saber el comportamiento de los usuarios al momento de crear un tyba Pocket,"¿Cuántos usuarios crean exitosamente su pocket y siguen al flujo de cash-in?, ¿Cuál es el porcentaje de conversión del flujo de creación de pocket?"
Parker,POCKET,AMP-3-0144,product_creation,Pocket_SimulatorModalSummary,Pocket_cashin_summary,button_clicked,PE,🟢 VIVO (Exacto),Mantener,6839,Fila 224,Fila 121,packages/features/core/pocket/module/lib/core/attribution/events.dart,Queremos saber el comportamiento de los usuarios al momento de crear un tyba Pocket,¿Cuántos usuarios crean exitosamente su pocket y siguen al flujo de cash-in?
Parker,POCKET,AMP-3-0145,product_creation,Pocket_SimulatorModalSummary,Pocket_cashin_summary,button_clicked,PE,🔴 SIN RASTRO,Deprecar / Implementar de cero,0,,,,Queremos saber el comportamiento de los usuarios al momento de crear un tyba Pocket,"¿Cuántos usuarios crean exitosamente su pocket y siguen al flujo de cash-in?, ¿Cuál es el porcentaje de conversión del flujo de creación de pocket?"
Parker,POCKET,AMP-3-0146,product_creation,Pocket_Success,Pocket_Creation_Completed,button_clicked,PE,🔴 SIN RASTRO,Deprecar / Implementar de cero,0,,,,Queremos saber el comportamiento de los usuarios al momento de crear un tyba Pocket,"¿Cuántos usuarios crean exitosamente su pocket y siguen al flujo de cash-in?, ¿Cuál es el porcentaje de conversión del flujo de creación de pocket?"
Parker,POCKET,AMP-3-0147,product_creation,Pocket_Success,Pocket_Creation_Completed,button_clicked,PE,🔴 SIN RASTRO,Deprecar / Implementar de cero,0,,,,Queremos saber el comportamiento de los usuarios al momento de crear un tyba Pocket,"¿Cuántos usuarios crean exitosamente su pocket y siguen al flujo de cash-in?, ¿Cuál es el porcentaje de conversión del flujo de creación de pocket?"
Parker,FFMM-PE,AMP-3-0150,clave_dinámica,Dynamickey_Loader_PE,Screen_dynamicKey_Loader,screen,PE,🟢 VIVO (Exacto) (⚠️ Colisión),Mantener,2722575,Fila 5,Fila 181,packages/features/generic/authentication/typing/lib/events/attribution.dart,"Queremos comprender cómo interacturan los usuariso con la clave dinámica, y saber si está siendo un stoper o no a la hora de operar",¿Cuál es el porcentaje de personas que pasan la válidación para poder operar?
Parker,FFMM-PE,AMP-3-0151,clave_dinámica,Dynamickey_VerificationOptions_PE,Selected_DynamicKey,standard_list_item,PE,"🟠 EN CÓDIGO, NO DISPARA (⚠️ Colisión)",Revisar trigger en código,0,,Fila 162,packages/features/generic/authentication/module/lib/core/attribution/events.dart,,"¿Cuál es la forma más usada de los clientes para autenticarse a la hora de operar (Clave dinámica, faceID o Huella)?"
Parker,FFMM-PE,AMP-3-0152,clave_dinámica,Dynamickey_VerificationOptions_PE,Selected_FaceID,standard_list_item,PE,"🟠 EN CÓDIGO, NO DISPARA (⚠️ Colisión)",Revisar trigger en código,0,,Fila 163,packages/features/generic/authentication/module/lib/core/attribution/events.dart,,"¿Cuál es la forma más usada de los clientes para autenticarse a la hora de operar (Clave dinámica, faceID o Huella)?"
Parker,FFMM-PE,AMP-3-0153,clave_dinámica,Dynamickey_VerificationOptions_PE,Selected_Fingerprint,standard_list_item,PE,"🟠 EN CÓDIGO, NO DISPARA (⚠️ Colisión)",Revisar trigger en código,0,,Fila 180,packages/features/generic/authentication/typing/lib/events/attribution.dart,,"¿Cuál es la forma más usada de los clientes para autenticarse a la hora de operar (Clave dinámica, faceID o Huella)?"
Parker,FFMM-PE,AMP-3-0154,clave_dinámica,Settings,Go_to_DynamicKey,standard_list_item,PE,🟢 VIVO (Exacto) (⚠️ Colisión),Mantener,8165,Fila 215,Fila 148,packages/features/generic/account/module/lib/core/attribution/events.dart,"Queremos comprender cómo interacturan los usuariso con la clave dinámica, y saber si está siendo un stoper o no a la hora de operar",¿Cuál es el porcentaje de usuarios que operan desde otros dispositivos?
Parker,FFMM-PE,AMP-3-0155,clave_dinámica,Dynamickey_Benefits_PE,Dynamickey_Activation,action_button,PE,"🟠 EN CÓDIGO, NO DISPARA (⚠️ Colisión)",Revisar trigger en código,0,,Fila 176,packages/features/generic/authentication/typing/lib/events/attribution.dart,"Queremos comprender cómo interacturan los usuariso con la clave dinámica, y saber si está siendo un stoper o no a la hora de operar",¿Cuál es el funnel de conversión del proceso de activación de Clave dinámica? 
Parker,FFMM-PE,AMP-3-0156,clave_dinámica,Dynamickey_RegisterSucess_PE,Dynamickey_Activation_Successful,action_button,PE,🟢 VIVO (Exacto) (⚠️ Colisión),Mantener,84874,Fila 49,Fila 165,packages/features/generic/authentication/module/lib/core/attribution/events.dart,"Queremos comprender cómo interacturan los usuariso con la clave dinámica, y saber si está siendo un stoper o no a la hora de operar",¿Cuál es el funnel de conversión del proceso de activación de Clave dinámica? 
Parker,FFMM-PE,AMP-3-0157,clave_dinámica,DynamicKey_PE,Dynamickey_Remove,icon_button,PE,🟢 VIVO (Exacto) (⚠️ Colisión),Mantener,152,Fila 392,Fila 177,packages/features/generic/authentication/typing/lib/events/attribution.dart,"Queremos comprender cómo interacturan los usuariso con la clave dinámica, y saber si está siendo un stoper o no a la hora de operar",¿Cuál es la forma más usada de eliminar la clave dinámica del disposito?
Parker,FFMM-PE,AMP-3-0158,clave_dinámica,DynamicKey_DeactivateKeyAnotherDevice_PE,Dynamickey_Desable,action_button,PE,🔴 SIN RASTRO,Deprecar / Implementar de cero,0,,,,"Queremos comprender cómo interacturan los usuariso con la clave dinámica, y saber si está siendo un stoper o no a la hora de operar",¿Cuál es la forma más usada de eliminar la clave dinámica del disposito?
Parker,FFMM-PE,AMP-3-0159,clave_dinámica,Dynamickey_Blocked_PE,Dynamickey_Blocked,screen,PE,🟢 VIVO (Exacto) (⚠️ Colisión),Mantener,8,Fila 465,Fila 167,packages/features/generic/authentication/module/lib/core/attribution/events.dart,"Queremos comprender cómo interacturan los usuariso con la clave dinámica, y saber si está siendo un stoper o no a la hora de operar",¿Cuál es el porcentaje de usuarios que no pueden operar porque su clave dinámica está bloqueada 
Parker,FFMM-PE,AMP-3-0160,clave_dinámica,Dynamickey_AnotherDevice_PE,Dynamickey_Enter,screen,PE,🟢 VIVO (Exacto) (⚠️ Colisión),Mantener,1297,Fila 323,Fila 179,packages/features/generic/authentication/typing/lib/events/attribution.dart,"Queremos comprender cómo interacturan los usuariso con la clave dinámica, y saber si está siendo un stoper o no a la hora de operar",¿Cuál es el porcentaje de usuarios que operan desde otros dispositivos?
Parker,TRANSVERSAL,AMP-3-0161,dashboard,Dashboard_Full_,Go_To_Portfolio,icon_button,"PE, CO",🟢 VIVO (Divergente · object 42%),Mantener,246105,Fila 15,Fila 348,packages/features/generic/dashboard/module/lib/core/attribution/events.dart,"Queremos conocer qué tan relevante es la nueva sección de portafolio para los clientes, cuales son sus formas de visualización favoritas",¿Cuál es la cantidad de usuarios interesados en conocer su portafolio?
Parker,TRANSVERSAL,AMP-3-0162,dashboard,Portfolio_Default_,Historical_Visualization_portfolio,action_tab,"PE, CO",🟢 VIVO (Exacto),Mantener,203524,Fila 22,Fila 353,packages/features/generic/dashboard/module/lib/core/attribution/events.dart,"Queremos conocer qué tan relevante es la nueva sección de portafolio para los clientes, cuales son sus formas de visualización favoritas",¿Cuál es la visualización favorita de los clientes para ver su portafolio?
Parker,TRANSVERSAL,AMP-3-0163,dashboard,Portfolio_Default_,Distribution_Visualization_portfolio,action_tab,"PE, CO",🟢 VIVO (Exacto),Mantener,58928,Fila 72,Fila 354,packages/features/generic/dashboard/module/lib/core/attribution/events.dart,"Queremos conocer qué tan relevante es la nueva sección de portafolio para los clientes, cuales son sus formas de visualización favoritas",¿Cuál es la visualización favorita de los clientes para ver su portafolio?
Parker,TRANSVERSAL,AMP-3-0164,dashboard,Portafolio_Histórico_,Currency_Change_Portfolio,switch,PE,🟢 VIVO (Divergente · object 46%),Mantener,22164,Fila 142,Fila 355,packages/features/generic/dashboard/module/lib/core/attribution/events.dart,"Queremos conocer qué tan relevante es la nueva sección de portafolio para los clientes, cuales son sus formas de visualización favoritas",¿Qué porcentaje de usuarios hace cambio de moneda para visualizar su portafolio? 
Parker,TRANSVERSAL,AMP-3-0165,dashboard,Portafolio_Histórico_PE,Change_time_intervals,option_chip,"PE, CO",🟢 VIVO (Exacto),Mantener,137183,Fila 32,Fila 357,packages/features/generic/dashboard/module/lib/core/attribution/events.dart,"Queremos conocer qué tan relevante es la nueva sección de portafolio para los clientes, cuales son sus formas de visualización favoritas",¿Qué horizonte de tiempo prefieren los usuarios? 
Parker,TRANSVERSAL,AMP-3-0166,dashboard,Portafolio_Histórico_PE,Refresh_chart_Portfolio,action_button,"PE, CO",🔴 SIN RASTRO,Deprecar / Implementar de cero,0,,,,"Queremos conocer qué tan relevante es la nueva sección de portafolio para los clientes, cuales son sus formas de visualización favoritas",¿Qué porcentaje de usuarios interactuan con las preguntas o tienen problemas con su gráfica? 
Parker,TRANSVERSAL,AMP-3-0167,dashboard,Portfolio_Default_PE,Change_Visualization_in_Distribution,switch,"PE, CO",🟢 VIVO (Divergente · object 46%),Mantener,218894,Fila 20,Fila 356,packages/features/generic/dashboard/module/lib/core/attribution/events.dart,"Queremos conocer qué tan relevante es la nueva sección de portafolio para los clientes, cuales son sus formas de visualización favoritas",¿Cuál es la visualización favorita en la gráfica de distribución del portafolio?
Parker,FFMM-PE,AMP-3-0168,dashboard,Dashboard_Investment_Carrousel_PE,Go_to_FFMM,card,PE,🟢 VIVO (Exacto),Mantener,82240,Fila 52,Fila 360,packages/features/generic/dashboard/module/lib/core/attribution/events.dart,,¿Cuantos usuarios entran a FFMM desde el carrousel del dashboard?  
Parker,KYC,AMP-3-0169,DNI validation,Onboarding_DNIValidation_PE,Validation_Skip,action_button,PE,"🟠 DISPARA, NO ESTÁ EN CÓDIGO",Revisar naming en código FE,422,Fila 358,,,"Se rediseñó el flujo de validación de DNI dentro del Login Express para usuarios migrados desde el BCP, con el objetivo de aumentar la cantidad de usuarios que completan esta validación en tyba. Actualmente, de los 64,000 usuarios migrados, solo 4,000 han validado su DNI. Queremos saber si el nuevo flujo incrementa la tasa de validación.",¿Cuál es el porcentaje de usuario que omiten la validación del DNI?
Parker,KYC,AMP-3-0170,DNI validation,Onboarding_DNIValidation_PE,Modal_Skip,action_button,PE,🟢 VIVO (Divergente · event 14%),Mantener,29,Fila 438,Fila 182,packages/features/generic/authentication/typing/lib/events/attribution.dart,"Se rediseñó el flujo de validación de DNI dentro del Login Express para usuarios migrados desde el BCP, con el objetivo de aumentar la cantidad de usuarios que completan esta validación en tyba. Actualmente, de los 64,000 usuarios migrados, solo 4,000 han validado su DNI. Queremos saber si el nuevo flujo incrementa la tasa de validación.",¿Cuál es el porcentaje de usuario que omiten la validación del DNI?
Parker,KYC,AMP-3-0171,DNI validation,Onboarding_DNIValidation_PE,Investment_Confirm,radio_button_selected,PE,🟢 VIVO (Divergente · event 14%),Mantener,1685,Fila 309,Fila 183,packages/features/generic/authentication/typing/lib/events/attribution.dart,"Se rediseñó el flujo de validación de DNI dentro del Login Express para usuarios migrados desde el BCP, con el objetivo de aumentar la cantidad de usuarios que completan esta validación en tyba. Actualmente, de los 64,000 usuarios migrados, solo 4,000 han validado su DNI. Queremos saber si el nuevo flujo incrementa la tasa de validación.",¿Cual es el porcentaje de usuarios que completan la tarea de validación de DNI con éxito?
Parker,KYC,AMP-3-0172,DNI validation,Onboarding_DNIValidation_PE,Dni_Validation,action_button,PE,"🟠 DISPARA, NO ESTÁ EN CÓDIGO",Revisar naming en código FE,1365,Fila 317,,,"Se rediseñó el flujo de validación de DNI dentro del Login Express para usuarios migrados desde el BCP, con el objetivo de aumentar la cantidad de usuarios que completan esta validación en tyba. Actualmente, de los 64,000 usuarios migrados, solo 4,000 han validado su DNI. Queremos saber si el nuevo flujo incrementa la tasa de validación.",¿Cual es el porcentaje de usuarios que completan la tarea de validación de DNI con éxito?
Parker,KYC,AMP-3-0173,DNI validation,Onboarding_DNIValidation_PE,Dni_Confirm,action_button,PE,🟢 VIVO (Divergente · event 14%),Mantener,1346,Fila 319,Fila 184,packages/features/generic/authentication/typing/lib/events/attribution.dart,"Se rediseñó el flujo de validación de DNI dentro del Login Express para usuarios migrados desde el BCP, con el objetivo de aumentar la cantidad de usuarios que completan esta validación en tyba. Actualmente, de los 64,000 usuarios migrados, solo 4,000 han validado su DNI. Queremos saber si el nuevo flujo incrementa la tasa de validación.",¿Cual es el porcentaje de usuarios que completan la tarea de validación de DNI con éxito?
Rogers,POCKET,AMP-6-0001,register,Pocket_Walkthrough_CO,Product_Walkthrough,button_clicked,CO,🔴 SIN RASTRO,Deprecar / Implementar de cero,0,,,,"Buscamos entender cómo se están comportando los clientes en el Walk-Through de Pocket con la finalidad de aumentar el % de conversión y el número de metas creadas , aumentando los cash ins",¿Cuál es el porcentaje de usuarios que se saltan el walk through (completo) (demoran menos de 2segundos en las 3 pantallas)?
Rogers,POCKET,AMP-6-0002,product,Pocket_Walkthrough_CO,Product_Walkthrough,button_clicked,CO,🔴 SIN RASTRO,Deprecar / Implementar de cero,0,,,,"Buscamos entender cómo se están comportando los clientes en el Walk-Through de Pocket con la finalidad de aumentar el % de conversión y el número de metas creadas , aumentando los cash ins",¿Cuál es el porcentaje de usuarios que se saltan el walk through (completo) (demoran menos de 2segundos en las 3 pantallas)?
Rogers,POCKET,AMP-6-0010,product,Pocket_Walkthrough_CO,Product_Walkthrough,Pantalla Completa,CO,🔴 SIN RASTRO,Deprecar / Implementar de cero,0,,,,"Buscamos entender cómo se están comportando los clientes en el Walk-Through de Pocket con la finalidad de aumentar el % de conversión y el número de metas creadas , aumentando los cash ins","¿Cuántos usuarios llegan a cada pantalla del walk trhough?, ¿Cuántos segundos en promedio dura un usuario en cada pantalla del walk through?"
Rogers,POCKET,AMP-6-0003,cash_in,Pocket_FundDetail_CO,CashIn_Confirmation,Pantalla Completa,CO,🔴 SIN RASTRO,Deprecar / Implementar de cero,0,,,,Buscamos entender como se están comportando los usuarios durante el flujo de cash in con la finalidad de aumentar el % de conversion y así mejorar la conversion de general de registro hasta cashin ,"¿Cuántos usuarios llegan a cada pantalla del flujo de cash in? , ¿Qué pocentaje de las personas salen del flujo y retornan despues?, ¿Cuanto es el tiempo promedio que toma hacer el cash in? (end to end)"
Rogers,POCKET,AMP-6-0004,cash_in,Pocket_SelectMethodCashIn_CO,CashIn_PaymentMethod,Pantalla completa,CO,🔴 SIN RASTRO,Deprecar / Implementar de cero,0,,,,Buscamos entender como se están comportando los usuarios durante el flujo de cash in con la finalidad de aumentar el % de conversion y así mejorar la conversion de general de registro hasta cashin ,"¿Cuántos usuarios llegan a cada pantalla del flujo de cash in? , ¿Qué pocentaje de las personas salen del flujo y retornan despues?"
Rogers,POCKET,AMP-6-0005,cash_in,Pocket_FundDetailModal_CO,CashIn_AmountAdjustment,button_clicked,CO,🔴 SIN RASTRO,Deprecar / Implementar de cero,0,,,,Buscamos entender como se están comportando los usuarios durante el flujo de cash in con la finalidad de aumentar el % de conversion y así mejorar la conversion de general de registro hasta cashin ,"¿Cuanto es el tiempo promedio que toma hacer el cash in? (end to end), ¿Cuántos usuarios llegan a cada pantalla del flujo de cash in? , ¿Qué pocentaje de las personas salen del flujo y retornan despues?"
Rogers,FIC,AMP-6-0006,cash_out,Cashout_Reasons_CO,CashOut_Reason,Pantalla completa,CO,🔴 SIN RASTRO,Deprecar / Implementar de cero,0,,,,Buscamos entender como se están comportando los usuarios durante el flujo de cash out con la finalidad de disuadir al cliente de retirar y así evitar el CO,"¿Cuántos usuarios llegan a cada pantalla del flujo de cash out? , ¿Qué pocentaje de las personas salen del flujo y retornan despues?"
Rogers,FIC,AMP-6-0007,cash_out,FIC_CashOutAmount_CO,CashOut_Amount,screen,CO,🟢 VIVO (Exacto),Mantener,132538,Fila 33,Fila 293,packages/features/generic/cash_out/module/lib/core/attribution/events.dart,Buscamos entender como se están comportando los usuarios durante el flujo de cash out con la finalidad de disuadir al cliente de retirar y así evitar el CO,"¿Cuántos usuarios llegan a cada pantalla del flujo de cash out? , ¿Qué pocentaje de las personas salen del flujo y retornan despues?"
Rogers,FIC,AMP-6-0008,cash_out,Cashout_MoreThan95_CO,CashOut_Warning,Pantalla Completa,CO,🟢 VIVO (Exacto),Mantener,19686,Fila 151,Fila 294,packages/features/generic/cash_out/module/lib/core/attribution/events.dart,Buscamos entender como se están comportando los usuarios durante el flujo de cash out con la finalidad de disuadir al cliente de retirar y así evitar el CO,"¿Cuántos usuarios llegan a cada pantalla del flujo de cash out? , ¿Qué pocentaje de las personas salen del flujo y retornan despues?"
Rogers,CDT,AMP-6-0011,product,CDT_DetailSummary_CO,Renew_CDT_decision,action_button_clicked,CO,🟢 VIVO (Parcial · object 67%),Mantener,3731,Fila 265,Fila 3,packages/features/core/cdt/module/lib/core/attribution/events.dart,Entender el comportamiento de los usuarios al renovar su CDT,"¿Cuántos usuarios deciden NO renovar su CDT al momento de la compra?, ¿Cuántos usuarios cambian la decisión de renovar lejos del vencimiento de su CDT?, ¿Cuántos usuarios cambian la decisión de renovar cerca (1 semana) del vencimiento de su CDT?"
Rogers,CDT,AMP-6-0012,cash_in,Transacción/Instrucciones,Bank_Wire,next_button_clicked,CO,🟢 VIVO (Exacto),Mantener,23,Fila 442,Fila 217,packages/features/generic/cash_in/module/lib/core/attribution/events.dart,Buscamos saber cuantos son los usuarios que llegan hasta la pantalla de transacción bancaria que se muestra cuando se van a invertir mas de 200.000.000 COP,¿Cual es el porcentaje de usuarios que desean invertir más de 200.000.000 COP por medio de transferencia bancaria?
Rogers,CDT,AMP-6-0013,product,COL_CDT_NewSimulator,Product_Simulated,action_button_clicked,CO,🔴 SIN RASTRO,Deprecar / Implementar de cero,0,,,,Buscamos saber cuantos usuarios se dejan llevar por la sugerencia de la tasa,¿Cual es el % de usuarios que escogen la tasa sugerida? 
Rogers,TRANSVERSAL,AMP-1-0005,product_selection,Onboarding_FICModal,product selected,action_button_clicked,"co, pe y cl","🟠 DISPARA, NO ESTÁ EN CÓDIGO",Revisar naming en código FE,237889,Fila 16,,,,¿Cuantas personas seleccionan un producto de forma satisfactoria?
Rogers,FIC,AMP-6-0015,cash_in,NewUser,CashIn_Started,button_text_clicked,CO,🔴 SIN RASTRO,Deprecar / Implementar de cero,0,,,,Queremos saber cual es el comportamiento de los usarios o clientes sobre el flujo de cash inen FIC para mejorar la conversion y el engagement cashin,"¿Cual es la conversion desde el boton de inversion en el dashboard y cual es la conversion desde detalle de meta?, ¿Cuantas personas y sessiones estan llegando a cada pantalla del flujo de cashin?, ¿Cuanto tiempo esta pasando end to end en el flujo (min)?, ¿Cada cuanto tiempo estan entrando al flujo de cashin (dias)?"
Rogers,FIC,AMP-6-0016,cash_in,Screen,CashIn_Started,button_text_clicked,CO,🔴 SIN RASTRO,Deprecar / Implementar de cero,0,,,,Queremos saber cual es el comportamiento de los usarios o clientes sobre el flujo de cash inen FIC para mejorar la conversion y el engagement cashin,"¿Cual es la conversion desde el boton de inversion en el dashboard y cual es la conversion desde detalle de meta?, ¿Cuantas personas y sessiones estan llegando a cada pantalla del flujo de cashin?, ¿Cuanto tiempo esta pasando end to end en el flujo (min)?, ¿Cada cuanto tiempo estan entrando al flujo de cashin (dias)?"
Rogers,FIC,AMP-6-0017,cash_in,FIC_CashInSelectMultipleAmount_CO,CashIn_Amount_Entered,button_text_clicked,CO,🔴 SIN RASTRO,Deprecar / Implementar de cero,0,,,,Queremos saber cual es el comportamiento de los usarios o clientes sobre el flujo de cash inen FIC para mejorar la conversion y el engagement cashin,"¿Cuantas personas y sessiones estan llegando a cada pantalla del flujo de cashin?, ¿Cuanto dinero se deja de recibir por dropoff en el flujo?, ¿Cada cuanto tiempo estan entrando al flujo de cashin (dias)?"
Rogers,FIC,AMP-6-0018,cash_in,FIC_CashInSelectAmount_CO,CashIn_Amount_Entered,button_text_clicked,CO,🔴 SIN RASTRO,Deprecar / Implementar de cero,0,,,,Queremos saber cual es el comportamiento de los usarios o clientes sobre el flujo de cash inen FIC para mejorar la conversion y el engagement cashin,"¿Cuantas personas y sessiones estan llegando a cada pantalla del flujo de cashin?, ¿Cuanto dinero se deja de recibir por dropoff en el flujo?, ¿Cada cuanto tiempo estan entrando al flujo de cashin (dias)?"
Rogers,FIC,AMP-6-0019,cash_in,FIC_SelectMethodCashIn_CO,CashIn_Select_Method,screen,CO,🔴 SIN RASTRO,Deprecar / Implementar de cero,0,,,,Queremos saber cual es el comportamiento de los usarios o clientes sobre el flujo de cash inen FIC para mejorar la conversion y el engagement cashin,¿Cuantas personas y sessiones estan llegando a cada pantalla del flujo de cashin?
Rogers,FIC,AMP-6-0020,cash_in,FIC_InvestSummary_CO,CashIn_Summary_Invest,button_text_clicked,CO,🔴 SIN RASTRO,Deprecar / Implementar de cero,0,,,,Queremos saber cual es el comportamiento de los usarios o clientes sobre el flujo de cash inen FIC para mejorar la conversion y el engagement cashin,¿Cuantas personas y sessiones estan llegando a cada pantalla del flujo de cashin?
Rogers,FIC,AMP-6-0021,register,FIC_TransactionResult_PSE_CO,CashIn_Completed,button_text_clicked,CO,🔴 SIN RASTRO,Deprecar / Implementar de cero,0,,,,Queremos saber cual es el comportamiento de los usarios o clientes sobre el flujo de cash inen FIC para mejorar la conversion y el engagement cashin,"¿Cual es la conversion desde el boton de inversion en el dashboard y cual es la conversion desde detalle de meta?, ¿Cuantas personas y sessiones estan llegando a cada pantalla del flujo de cashin?, ¿Cuanto tiempo esta pasando end to end en el flujo (min)?, ¿Cada cuanto tiempo estan entrando al flujo de cashin (dias)?"
Rogers,FIC,AMP-6-0022,cash_in,FIC_TransactionResult_ACH_CO,CashIn_Completed,button_text_clicked,CO,🔴 SIN RASTRO,Deprecar / Implementar de cero,0,,,,Queremos saber cual es el comportamiento de los usarios o clientes sobre el flujo de cash inen FIC para mejorar la conversion y el engagement cashin,"¿Cual es la conversion desde el boton de inversion en el dashboard y cual es la conversion desde detalle de meta?, ¿Cuantas personas y sessiones estan llegando a cada pantalla del flujo de cashin?, ¿Cuanto tiempo esta pasando end to end en el flujo (min)?, ¿Cada cuanto tiempo estan entrando al flujo de cashin (dias)?"
Rogers,TRANSVERSAL,AMP-6-0023,product_selection,Onboarding_ProductOffer_CO,ProductOffer_Selection,screen,CO,🔴 SIN RASTRO,Deprecar / Implementar de cero,0,,,,,¿Cuantas personas seleccionan un producto de forma satisfactoria?
Rogers,TRANSVERSAL,AMP-1-0002,product_selection,Onboarding_CDTModal,product selected,action_button_clicked,co,"🟠 DISPARA, NO ESTÁ EN CÓDIGO",Revisar naming en código FE,31367,Fila 122,,,,"¿Cuantas personas seleccionan un producto de forma satisfactoria?, ¿Cuantas personas crean un perfil de forma satisfactoria?"
Rogers,TRANSVERSAL,AMP-1-0003,product_selection,Onboarding_FPVModal,product selected,action_button_clicked,co,"🟠 DISPARA, NO ESTÁ EN CÓDIGO",Revisar naming en código FE,14568,Fila 174,,,,¿Cuantas personas seleccionan un producto de forma satisfactoria?
Rogers,FIC,AMP-6-0025,product,FIC_SelectFund_CO,FIC_Fund_Selected,button_text_clicked,CO,🔴 SIN RASTRO,Deprecar / Implementar de cero,0,,,,"Buscamos entender el comportamiento de los usuarios al momento de crear un Fondo de Inversion Colectiva, que preferencias tienen y cuál es la conversión del flujo de creación de producto","¿Cuántas personas se quedan sin seleccionar un fondo?, ¿Cada cuanto en promedio las personas estan entrando al flujo de creación de SQI y metas(dias)?"
Rogers,FIC,AMP-6-0026,product,FIC_SelectFundModal_CO,FIC_Fund_Selected,button_text_clicked,CO,🔴 SIN RASTRO,Deprecar / Implementar de cero,0,,,,"Buscamos entender el comportamiento de los usuarios al momento de crear un Fondo de Inversion Colectiva, que preferencias tienen y cuál es la conversión del flujo de creación de producto","¿Cuántas personas se quedan sin seleccionar un fondo?, ¿Cada cuanto en promedio las personas estan entrando al flujo de creación de SQI y metas(dias)?"
Rogers,FIC,AMP-6-0027,product,FIC_SelectFund_CO,Fund_Selected_Detail,button_text_clicked,CO,🔴 SIN RASTRO,Deprecar / Implementar de cero,0,,,,"Buscamos entender el comportamiento de los usuarios al momento de crear un Fondo de Inversion Colectiva, que preferencias tienen y cuál es la conversión del flujo de creación de producto","¿Cuántas personas se quedan sin seleccionar un fondo?, ¿Cada cuanto en promedio las personas estan entrando al flujo de creación de SQI y metas(dias)?, ¿Cuantas personas miran el detalle del fondo antes de seleccionarlo?"
Rogers,FIC,AMP-1-0007,product,"FIC_GoalCreated, ",product created,button_clicked,co y cl,🟢 VIVO (Exacto) (⚠️ Colisión),Mantener,74296,Fila 91,Fila 16,packages/features/core/fic/module/lib/core/attribution/events.dart,,¿Cuantas personas adquieren un producto de forma satisfactoria?
Rogers,FIC,AMP-6-0028,product,FIC_SimulatorBottonSheetModal_CO,FIC_Simulation_accepted,button_text_clicked,"CO, CL, PE",🔴 SIN RASTRO,Deprecar / Implementar de cero,0,,,,"Buscamos entender el comportamiento de los usuarios al momento de crear un Fondo de Inversion Colectiva, que preferencias tienen y cuál es la conversión del flujo de creación de producto","¿Cuántas personas se quedan sin seleccionar un fondo?, ¿Cada cuanto en promedio las personas estan entrando al flujo de creación de SQI y metas(dias)?"
Rogers,FIC,AMP-6-0029,product,FIC_ProductSummary_CO,FIC_Summary_CO,button_text_clicked,"CO, CL, PE",🔴 SIN RASTRO,Deprecar / Implementar de cero,0,,,,"Buscamos entender el comportamiento de los usuarios al momento de crear un Fondo de Inversion Colectiva, que preferencias tienen y cuál es la conversión del flujo de creación de producto","¿Cuántas personas se quedan sin seleccionar un fondo?, ¿Cada cuanto en promedio las personas estan entrando al flujo de creación de SQI y metas(dias)?"
Rogers,FIC,AMP-6-0030,product,FIC_ProductSummary_CO,FIC_Summary_CO,button_text_clicked,CO,🔴 SIN RASTRO,Deprecar / Implementar de cero,0,,,,"Buscamos entender el comportamiento de los usuarios al momento de crear un Fondo de Inversion Colectiva, que preferencias tienen y cuál es la conversión del flujo de creación de producto","¿Cuántas personas se quedan sin seleccionar un fondo?, ¿Cada cuanto en promedio las personas estan entrando al flujo de creación de SQI y metas(dias)?"
Rogers,CDT,AMP-6-0031,cash_in,CDTCashin_Complete_CO,Cashin_CDT_PSE,button_text_clicked,CO,🟢 VIVO (Exacto),Mantener,644,Fila 343,Fila 216,packages/features/generic/cash_in/module/lib/core/attribution/events.dart,Se requiere evaluar si actualmente el funcionamiento del flujo de CDT (simulador) y el porcentaje de conversión desde simulador hasta cash-in,"¿Cual es la conversión en el proceso de simulación de meta para CDT? , ¿Cuál es el % de usuarios que reintenta el flujo de simulación de CDT desde el dashboard después de hacer un drop-off del flujo?, ¿Cual es el drop-off por pantalla del flujo del simulador y del resumen? , ¿Cuánto tiempo, en promedio, se tarda un usuario en simular su CDT?"
Rogers,CDT,AMP-6-0032,product,CDT_Summary_CO,CDT_Renew_Amount,button_text_clicked,CO,🟢 VIVO (Exacto),Mantener,3452,Fila 272,Fila 4,packages/features/core/cdt/module/lib/core/attribution/events.dart,Se requiere evaluar si actualmente el funcionamiento del flujo de CDT (simulador) y el porcentaje de conversión desde simulador hasta cash-in,"¿Cual es la conversión en el proceso de simulación de meta para CDT? , ¿Cuál es el % de usuarios que reintenta el flujo de simulación de CDT desde el dashboard después de hacer un drop-off del flujo?, ¿Cual es el drop-off por pantalla del flujo del simulador y del resumen? , ¿Cuánto tiempo, en promedio, se tarda un usuario en simular su CDT?"
Rogers,CDT,AMP-6-0033,product,CDT_SelectMethodRenovation_CO,CDT_Renew_term,button_text_clicked,CO,🟢 VIVO (Exacto),Mantener,2906,Fila 285,Fila 5,packages/features/core/cdt/module/lib/core/attribution/events.dart,Se requiere evaluar si actualmente el funcionamiento del flujo de CDT (simulador) y el porcentaje de conversión desde simulador hasta cash-in,"¿Cual es la conversión en el proceso de simulación de meta para CDT? , ¿Cuál es el % de usuarios que reintenta el flujo de simulación de CDT desde el dashboard después de hacer un drop-off del flujo?, ¿Cual es el drop-off por pantalla del flujo del simulador y del resumen? , ¿Cuánto tiempo, en promedio, se tarda un usuario en simular su CDT?"
Rogers,CDT,AMP-6-0034,product,CDT_SelectMethodCashIn_CO,CDT_Add_BankAccount,button_text_clicked,CO,🔴 SIN RASTRO,Deprecar / Implementar de cero,0,,,,Se requiere evaluar si actualmente el funcionamiento del flujo de CDT (simulador) y el porcentaje de conversión desde simulador hasta cash-in,"¿Cual es la conversión en el proceso de simulación de meta para CDT? , ¿Cuál es el % de usuarios que reintenta el flujo de simulación de CDT desde el dashboard después de hacer un drop-off del flujo?, ¿Cual es el drop-off por pantalla del flujo del simulador y del resumen? , ¿Cuánto tiempo, en promedio, se tarda un usuario en simular su CDT?"
Rogers,CDT,AMP-6-0035,product,Cashin_DepositSucess_CO,CDT_GoTo_KYC,button_text_clicked,CO,🟢 VIVO (Parcial · object 74%),Mantener,8613,Fila 211,Fila 6,packages/features/core/cdt/module/lib/core/attribution/events.dart,Se requiere evaluar si actualmente el funcionamiento del flujo de CDT (simulador) y el porcentaje de conversión desde simulador hasta cash-in,"¿Cual es la conversión en el proceso de simulación de meta para CDT? , ¿Cuál es el % de usuarios que reintenta el flujo de simulación de CDT desde el dashboard después de hacer un drop-off del flujo?, ¿Cual es el drop-off por pantalla del flujo del simulador y del resumen? , ¿Cuánto tiempo, en promedio, se tarda un usuario en simular su CDT?"
Rogers,CDT,AMP-4-1-002,product,CDT_InvestSummary_CO,Product_Resume,button_text_clicked,CO,🔴 SIN RASTRO,Deprecar / Implementar de cero,0,,,,Se requiere evaluar si actualmente el funcionamiento del flujo de CDT (simulador) y el porcentaje de conversión desde simulador hasta cash-in,¿Cual es el drop-off por pantalla del flujo del simulador y del resumen? 
Rogers,CDT,AMP-4-1-003,product,CDT_SelectMethodCashIn_CO,Product_Invested,next_button_clicked,CO,🟢 VIVO (Parcial · object 74%) (⚠️ Colisión),Mantener,10790,Fila 200,Fila 215,packages/features/generic/cash_in/module/lib/core/attribution/events.dart,Se requiere evaluar si actualmente el funcionamiento del flujo de CDT (simulador) y el porcentaje de conversión desde simulador hasta cash-in,¿Cual es el drop-off por pantalla del flujo del simulador y del resumen? 
Rogers,CDT,Diseño Link,cash_out,FICS_CashOut_AntiChurnMessage,Cashout_Intent_Decline,next_button_clicked,CO,🔴 SIN RASTRO,Deprecar / Implementar de cero,0,,,,Se requiere evaluar si actualmente el funcionamiento del flujo de CDT (simulador) y el porcentaje de conversión desde simulador hasta cash-in,¿Cual es el drop-off por pantalla del flujo del simulador y del resumen? 
Rogers,TRANSVERSAL,AMP-6-0040,dashboard,Dashboard_Investment_Carrousel,Product_Selected,button_clicked,"CO, PE y CL",🟢 VIVO (Exacto),Mantener,3335704,Fila 3,Fila 347,packages/features/generic/dashboard/module/lib/core/attribution/events.dart,"Recopilar inormación sobre la experiencia del usuario, utilidad y uso del banner principal relacionado a movimientos, portafolio, historico y distribucion del mismo. Se busca medir el valor agregado hacia el cliente midiendo la frecuencia de uso, facilidad de uso, puntos de mejora y claridad de la herramienta",¿que porcentaje de personas que visitan la app revisan el detalle de sus productos?
Rogers,TRANSVERSAL,AMP-6-0041,dashboard,Portfolio_Default,Portfolio_Selected,button_clicked,CO  PE  CL,"🟠 DISPARA, NO ESTÁ EN CÓDIGO",Revisar naming en código FE,260034,Fila 13,,,"Recopilar inormación sobre la experiencia del usuario, utilidad y uso del banner principal relacionado a movimientos, portafolio, historico y distribucion del mismo. Se busca medir el valor agregado hacia el cliente midiendo la frecuencia de uso, facilidad de uso, puntos de mejora y claridad de la herramienta","¿cuantos usuarios hacen uso del banner en cuanto a ""movimientos"" y ""tu portafolio""?"
Rogers,TRANSVERSAL,AMP-6-0042,dashboard,Portfolio_Default,Module_Selected,button_clicked,CO  PE  CL,🟢 VIVO (Exacto),Mantener,30463,Fila 125,Fila 349,packages/features/generic/dashboard/module/lib/core/attribution/events.dart,,"del total de usuarios que acceden a la app, ¿que porcentaje revisa las diferentes secciones eduativas?"
Rogers,TRANSVERSAL,AMP-6-43,dashboard,Dashboard_Full,Product_Selected,button_clicked,CO  PE  CL,🔴 SIN RASTRO,Deprecar / Implementar de cero,0,,,,"Recopilar inormación sobre la experiencia del usuario, utilidad y uso del banner principal relacionado a movimientos, portafolio, historico y distribucion del mismo. Se busca medir el valor agregado hacia el cliente midiendo la frecuencia de uso, facilidad de uso, puntos de mejora y claridad de la herramienta",¿del total de clientes que ingresan a la app cuantos muestran intención en abrir un nuevo FIC?
Rogers,TRANSVERSAL,AMP-6-44,dashboard,Dashboard_Full,Investment_Selected,button_clicked,CO  PE  CL,🔴 SIN RASTRO,Deprecar / Implementar de cero,0,,,,"Recopilar inormación sobre la experiencia del usuario, utilidad y uso del banner principal relacionado a movimientos, portafolio, historico y distribucion del mismo. Se busca medir el valor agregado hacia el cliente midiendo la frecuencia de uso, facilidad de uso, puntos de mejora y claridad de la herramienta",¿cuantos usuarios dan como minimo la intención de crear una nueva inversión?
Rogers,TRANSVERSAL,AMP-6-45,dashboard,Dashboard_Full,Login_success,button_clicked,CO  PE  CL,🔴 SIN RASTRO,Deprecar / Implementar de cero,0,,,,,"del total de usuarios que acceden a la app, ¿que porcentaje de clientes y con que frecuencia realizan movimientos dentro de sus productos y activos?"
Rogers,TRANSVERSAL,AMP-6-0046,dashboard,,,,,⚫ VACÍO / SIN DATOS,Completar Documentación,25962,Fila 132,,,,
Rogers,TRANSVERSAL,AMP-6-0047,dashboard,,,,,⚫ VACÍO / SIN DATOS,Completar Documentación,0,,,,,
Rogers,TRANSVERSAL,AMP-6-0048,dashboard,,,,,⚫ VACÍO / SIN DATOS,Completar Documentación,0,,,,,
Rogers,TRANSVERSAL,AMP-6-0049,dashboard,,,,,⚫ VACÍO / SIN DATOS,Completar Documentación,0,,,,,
Rogers,TRANSVERSAL,AMP-6-0050,dashboard,,,,,⚫ VACÍO / SIN DATOS,Completar Documentación,0,,,,,
Rogers,TRANSVERSAL,AMP-6-0051,dashboard,,,,,⚫ VACÍO / SIN DATOS,Completar Documentación,0,,,,,
Rogers,TRANSVERSAL,AMP-6-0052,dashboard,Novedades_Códigos promocionales_PE2,Tutorials_Selected,screen,"CO, PE, CL",🔴 SIN RASTRO,Deprecar / Implementar de cero,0,,,,,¿Cuantos clientes y con que frecuencia llegan a la sección tutorial de productos en la app?
Rogers,TRANSVERSAL,AMP-6-0050,dashboard,,,,,⚫ VACÍO / SIN DATOS,Completar Documentación,0,,,,,
Rogers,TRANSVERSAL,AMP-6-0053,JARVIS,Dashboard_PC,Assistant_Open,fab_button,"CO,PE,CL",🟢 VIVO (Exacto),Mantener,52603,Fila 84,Fila 312,packages/features/generic/commercial/app_cross/module/lib/core/attribution/chatbot_event.dart,"Buscamos identificar el impacto, facilidad de uso y frecuencia de uso de la iniciativa con la finalidad de disminuir tiempos el la busqueda de información, consulta de procesos y dudas en general",¿Que porcentaje de asesores exploran el asistente y con que frecuencia lo hacen?
Rogers,TRANSVERSAL,AMP-6-0054,JARVIS,Dashboard_PC,Message_Sent,button,"CO, PE, CL","🟠 EN CÓDIGO, NO DISPARA",Revisar trigger en código,0,,Fila 315,packages/features/generic/commercial/app_cross/typing/lib/events/attribution.dart,"Buscamos identificar el impacto, facilidad de uso y frecuencia de uso de la iniciativa con la finalidad de disminuir tiempos el la busqueda de información, consulta de procesos y dudas en general",¿Cuantas consultas se hacen al asistente y con que frecuencia?
Rogers,TRANSVERSAL,AMP-6-0057,dashboard,Dashboard_Investment_Carrousel,Investment_View,switch_clicked,"CO, PE, CL",🟢 VIVO (Exacto) (⚠️ Colisión),Mantener,97246,Fila 45,Fila 361,packages/features/generic/dashboard/module/lib/core/attribution/events.dart,,¿Cuantos clientes y con que frecuencia revisan su saldo en pesos y dolares de sus productos en la app?
Rogers,CDT,AMP-6-0058,cash_in,,CashIn_Abort,action_button,CO,🔴 SIN RASTRO,Deprecar / Implementar de cero,0,,,,"Queremos entender el comportamiento de los usuarios en el flujo de cash in, identificando la cantidad de clientes que abandonan la intención de inversión y su frecuencia","¿Cuantos usuarios confirman la ""salida del cash in"" justo antes de iniciar la transferencia?"
Rogers,TRANSVERSAL,AMP-6-0059,dashboard,Home_CO_Mobile,Banner_Selected,banner,"CO, PE, CL",🟢 VIVO (Exacto),Mantener,26594,Fila 131,Fila 340,packages/features/generic/dashboard/module/lib/core/attribution/events.dart,Buscamos conocer el total de clientes que estan haciendo uso de los banner al ingresas en la app,¿cuantos usuarios estan haciendo uso de los banners informativos dentro de la app?
Rogers,TRANSVERSAL,AMP-6-0060,dashboard,Home_CO_Mobile,Banner_Caceled,banner,"CO, PE, CL",🟢 VIVO (Exacto),Mantener,154332,Fila 31,Fila 341,packages/features/generic/dashboard/module/lib/core/attribution/events.dart,Buscamos conocer el total de clientes que estan haciendo uso de los banner al ingresas en la app,¿cuantos usuarios estan haciendo uso de los banners informativos dentro de la app?
Rogers,TRANSVERSAL,AMP-6-0061,dashboard,Portfolio_CO_Mobile_HistoricalGraph,Detail_Selected,button_clicked,"CO, PE, CL","🟠 EN CÓDIGO, NO DISPARA",Revisar trigger en código,0,,Fila 358,packages/features/generic/dashboard/module/lib/core/attribution/events.dart,Queremos entender cuantos clientes estan interactuando con las funcionalidades de detalle sobre cada uno de sus roductos dentro de la app,¿Cuantos usuarios estan entrando a revisar el detalle de cada uno de sus productos?
Rogers,TRANSVERSAL,AMP-6-0062,dashboard,Portfolio_CO_Mobile_HistoricalGraph,Temporality_Selected,button_clicked,"CO, PE, CL",🔴 SIN RASTRO,Deprecar / Implementar de cero,0,,,,Queremos entender cuantos clientes estan interactuando con las funcionalidades de detalle sobre cada uno de sus roductos dentro de la app,¿Cuantos usuarios estan entrando a revisar el detalle de cada uno de sus productos?
Rogers,TRANSVERSAL,AMP-6-0063,dashboard,Portfolio_CO_Mobile_HistoricalGraph,Temporality_Selected,button_clicked,"CO, PE, CL","🟠 EN CÓDIGO, NO DISPARA",Revisar trigger en código,0,,Fila 359,packages/features/generic/dashboard/module/lib/core/attribution/events.dart,Queremos entender cuantos clientes estan interactuando con las funcionalidades de detalle sobre cada uno de sus roductos dentro de la app,¿Cuantos usuarios estan entrando a revisar el detalle de cada uno de sus productos?
Stark,FIC,AMP-11-0001,Transfer,Transfer_TransferOptions_PRO,Transfer_Partial,action_button,CO,🟢 VIVO (Exacto),Mantener,342,Fila 364,Fila 427,packages/features/generic/transfers/typing/lib/events/attribution.dart,,¿Cuántos usuarios muestran intención de mover solo una parte de su inversión hacia otros fondos/encargo?
Stark,FIC,AMP-11-0002,Transfer,Transfer_TransferOptions_PRO,Transfer_Total,action_button,CO,🟢 VIVO (Exacto),Mantener,92,Fila 411,Fila 428,packages/features/generic/transfers/typing/lib/events/attribution.dart,,¿Cuántos usuarios muestran intención de trasladar la totalidad de su inversión hacia otro fondo/encargo?
Stark,FIC,AMP-11-0003,Transfer,Cancel_Confirmation_Screen,Transfer_Cancel,action_button,CO,🟢 VIVO (Exacto),Mantener,78,Fila 416,Fila 429,packages/features/generic/transfers/typing/lib/events/attribution.dart,,Cuál es la tasa de caída (drop-off) en cada etapa del flujo de traslado?
Stark,FIC,AMP-11-0004,Transfer,PartialTransfer_DistributeMoney_PRO,Transfer_Selected,standard_list_item,CO,🟢 VIVO (Exacto),Mantener,122,Fila 403,Fila 430,packages/features/generic/transfers/typing/lib/events/attribution.dart,,¿Cuál es la tasa de interacción con los elementos informativos desplegables en el flujo de traslados?
Stark,FIC,AMP-11-0005,Transfer,PartialTransfer_DistributeMoney_PRO,Transfer_New,action_button,CO,🟢 VIVO (Exacto),Mantener,172,Fila 387,Fila 431,packages/features/generic/transfers/typing/lib/events/attribution.dart,,¿Qué porcentaje de traslados parciales/totales derivan en la apertura de un nuevo producto de inversión?
Stark,FIC,AMP-11-0006,Transfer,Transfer_verification_PRO,Edit_Verification,action_button,CO,🟢 VIVO (Exacto),Mantener,6,Fila 469,Fila 432,packages/features/generic/transfers/typing/lib/events/attribution.dart,,¿Cuántos usuarios manifiestan una intención de corrección o cambio en su solicitud de traslado durante la etapa de verificación?
Stark,FIC,AMP-11-0007,Transfer,TransactionResult_PRO,Transfer_Finish,action_button,CO,🟢 VIVO (Exacto),Mantener,181,Fila 384,Fila 433,packages/features/generic/transfers/typing/lib/events/attribution.dart,,¿Cuál es la tasa de finalización efectiva (Completion Rate) del proceso de traslado parcial/total desde el inicio del flujo hasta el botón final?
Stark,FIC,AMP-11-0008,cash_in,FIC_SelectMethodCashIn_PRO,CashIn_GMF,action_button,CO,🟢 VIVO (Exacto),Mantener,16,Fila 447,Fila 267,packages/features/generic/cash_in/module/lib/core/attribution/pro_fic_cash_in_event.dart,,"¿Cuál es la tasa de clics (CTR) en la opción ""Inversión sin 4x1.000"" comparada con la tasa de finalización del proceso (considerando que requiere firma y entrega de documentos)?"
Stark,FIC,AMP-11-0009,cash_in,CI_4Xmil,GMF_Method,standard_list_item,CO,🟢 VIVO (Divergente · object 17%),Mantener,18,Fila 445,Fila 268,packages/features/generic/cash_in/module/lib/core/attribution/pro_fic_cash_in_event.dart,,"¿Qué porcentaje de los usuarios despliega los acordeones de los fondos dispersores para consultar los bancos habilitados antes de presionar ""Continuar""?"
Stark,FIC,AMP-11-0010,cash_in,CI_ModalExit,CashIn_Cancel,action_button,CO,🟢 VIVO (Exacto),Mantener,47,Fila 432,Fila 269,packages/features/generic/cash_in/module/lib/core/attribution/pro_fic_cash_in_event.dart,,"¿Cuál es la tasa de abandono real (clic en ""Salir"") frente a la tasa de recuperación (clic en ""Continuar"") una vez que el usuario interactúa con este modal?"
Stark,FIC,AMP-11-0011,cash_in,CI_TransactionResult_Pending,CashIn_Confirm,action_button,CO,🟢 VIVO (Exacto),Mantener,140,Fila 395,Fila 270,packages/features/generic/cash_in/module/lib/core/attribution/pro_fic_cash_in_event.dart,,¿Cuál es la distribución de los CI según el método de pago seleccionado (Saldo Disponible vs. Exento de 4x1.000) y qué tasa de finalización exitosa presenta cada uno frente al abandono en el proceso?
Stark,FIC,AMP-11-0012,,,,,,⚫ VACÍO / SIN DATOS,Completar Documentación,0,,,,,
Stark,FIC,AMP-11-0013,cash_in,CI_NewInvestment,Investment_Amount,action_button,CO,🟢 VIVO (Exacto),Mantener,87,Fila 414,Fila 271,packages/features/generic/cash_in/module/lib/core/attribution/pro_fic_cash_in_event.dart,,¿Cuál es la frecuencia de uso de los montos sugeridos frente al ingreso de valores manuales al realizar un CI?
Stark,FIC,AMP-11-0014,cash_out,CO_ Productdetail_PRO,,icon_button,CO,🔴 SIN RASTRO,Deprecar / Implementar de cero,0,,,,,¿Cuál es la fuente de tráfico predominante para el inicio del flujo de retiro: el acceso directo del dashboard principal o el botón contextual dentro de esta pantalla de detalle del fondo?
Stark,FIC,AMP-11-0015,cash_out,CO_ Productdetail_PRO,,action_tabs,CO,🔴 SIN RASTRO,Deprecar / Implementar de cero,0,,,,,"¿Cuál es la distribución porcentual de visualizaciones entre las pestañas de Resumen, Fondo y Movimientos dentro de la pantalla de detalle del fondo?"
Stark,FIC,AMP-11-0016,cash_out,CO_ Productdetail_PRO,,icon_button,CO,🔴 SIN RASTRO,Deprecar / Implementar de cero,0,,,,,¿Cuál es la tasa de conversión de clics (CTR) en el botón de 'más opciones' (tres puntos) y qué porcentaje de esos clics resultan en la selección efectiva de una funcionalidad dentro del menú?
Stark,FIC,AMP-11-0017,cash_out,CO_ModalCancelOperation_PRO,,action_button,CO,🔴 SIN RASTRO,Deprecar / Implementar de cero,0,,,,,"¿Qué porcentaje de usuarios logramos recuperar mediante la opción 'Si, cancelar' frente a aquellos que regresan al flujo de CO 'Volver'?"""
Stark,FIC,AMP-11-0018,cash_out,CO_Summary_PRO,,standard_list_item,CO,🔴 SIN RASTRO,Deprecar / Implementar de cero,0,,,,,¿Qué porcentaje de los usuarios utiliza el selector de 'Cuenta bancaria' para cambiar el destino de los fondos en este último paso?
Stark,FIC,AMP-11-0019,cash_out,CO_SelectProductPickUp,,standard_list_item,CO,🔴 SIN RASTRO,Deprecar / Implementar de cero,0,,,,,"¿Qué porcentaje de los usuarios selecciona el componente de FICs como fuente de retiro frente a productos percibidos como ""menos líquidos"" o de mayor complejidad (Pensiones Voluntarias o Acciones Internacionales)?"
Thor,TRANSVERSAL,AMP-9-0001,cash_in,Dashboard_NewUser,Cash in Entered,button_text_clicked,CL,"🟠 DISPARA, NO ESTÁ EN CÓDIGO",Revisar naming en código FE,62966,Fila 67,,,Queremos saber cual es el comportamiento de los usarios o clientes sobre el flujo de cash in para mejorar la conversion y el engagent cashin,¿Cual es la conversion desde el boton de inversion en el dashboard y cual es la conversion desde detalle de meta?
Thor,TRANSVERSAL,AMP-9-0002,cash_in, Dashboard,Cash in Entered,button_text_clicked,CL,"🟠 DISPARA, NO ESTÁ EN CÓDIGO",Revisar naming en código FE,199629,Fila 23,,,Queremos saber cual es el comportamiento de los usarios o clientes sobre el flujo de cash in para mejorar la conversion y el engagent cashin,"¿Cual es la conversion desde el boton de inversion en el dashboard y cual es la conversion desde detalle de meta?, ¿Cuantas personas y sessiones estan llegando a cada pantalla del flujo de cashin?, ¿Cuanto tiempo esta pasando end to end en el flujo (min)?, ¿Cada cuanto tiempo estan entrando al flujo de cashin (dias)?"
Thor,FFMM-CL,AMP-9-0003,cash_in,Cashin_InvestMultipleGoals,Cash in amount entered,button_text_clicked,CL,"🟠 DISPARA, NO ESTÁ EN CÓDIGO",Revisar naming en código FE,1,Fila 483,,,Queremos saber cual es el comportamiento de los usarios o clientes sobre el flujo de cash in para mejorar la conversion y el engagent cashin,"¿Cuantas personas y sessiones estan llegando a cada pantalla del flujo de cashin?, ¿Cuanto dinero se deja de recibir por dropoff en el flujo?, ¿Cada cuanto tiempo estan entrando al flujo de cashin (dias)?"
Thor,FFMM-CL,AMP-9-0004,cash_in, Cashin_Invest,Cash in amount entered,button_text_clicked,CL,"🟠 DISPARA, NO ESTÁ EN CÓDIGO",Revisar naming en código FE,151,Fila 393,,,Queremos saber cual es el comportamiento de los usarios o clientes sobre el flujo de cash in para mejorar la conversion y el engagent cashin,"¿Cuantas personas y sessiones estan llegando a cada pantalla del flujo de cashin?, ¿Cuanto dinero se deja de recibir por dropoff en el flujo?, ¿Cada cuanto tiempo estan entrando al flujo de cashin (dias)?"
Thor,FFMM-CL,AMP-9-0005,cash_in,Cashin_AddBank,Cash in bank selected,button_text_clicked,CL,"🟠 EN CÓDIGO, NO DISPARA",Revisar trigger en código,0,,Fila 403,packages/features/generic/payments/module/lib/core/attribution/events.dart,Queremos saber cual es el comportamiento de los usarios o clientes sobre el flujo de cash in para mejorar la conversion y el engagent cashin,¿Cuantas personas y sessiones estan llegando a cada pantalla del flujo de cashin?
Thor,FFMM-CL,AMP-9-0006,cash_in,  Cashin_SummaryInvestmentFFMM,Cash_in_summary_Accepted,button_text_clicked,CL,🔴 SIN RASTRO,Deprecar / Implementar de cero,0,,,,Queremos saber cual es el comportamiento de los usarios o clientes sobre el flujo de cash in para mejorar la conversion y el engagent cashin,¿Cuantas personas y sessiones estan llegando a cada pantalla del flujo de cashin?
Thor,FFMM-CL,AMP-9-0007,cash_in,Cashin_InvestmentInProcessEngagedCI,Cash in completed,button_text_clicked,CL,"🟠 EN CÓDIGO, NO DISPARA",Revisar trigger en código,0,,Fila 213,packages/features/generic/cash_in/module/lib/core/attribution/events.dart,Queremos saber cual es el comportamiento de los usarios o clientes sobre el flujo de cash in para mejorar la conversion y el engagent cashin,"¿Cual es la conversion desde el boton de inversion en el dashboard y cual es la conversion desde detalle de meta?, ¿Cuantas personas y sessiones estan llegando a cada pantalla del flujo de cashin?, ¿Cuanto tiempo esta pasando end to end en el flujo (min)?, ¿Cada cuanto tiempo estan entrando al flujo de cashin (dias)?"
Thor,TRANSVERSAL,AMP-9-0008,product,Onboarding_ProductOffer, Product Vitrina Selection,action_button_clicked,"Cl,CO,PE",🔴 SIN RASTRO,Deprecar / Implementar de cero,0,,,,"Queremos saber como es el comportamiento de las personas en el flujo de seleccione de producto(SQI por ahora) para aumentar la conversion de este paso y asi aumentar la conversion general hacia el cashin





",¿Cuántas personas se quedan sin seleccionar un fondo?
Thor,TRANSVERSAL,AMP-9-0009,product,Onboarding_ProductOfferBenefitsFFMM,Product Benefits,action_button_clicked,"CL, PE, CO",🔴 SIN RASTRO,Deprecar / Implementar de cero,0,,,,"Queremos saber como es el comportamiento de las personas en el flujo de seleccione de producto(SQI por ahora) para aumentar la conversion de este paso y asi aumentar la conversion general hacia el cashin





",¿Cuántas personas se quedan sin seleccionar un fondo?
Thor,FFMM-CL,AMP-9-0010,product,FFMM_InvestSelection,Product Advisory Selection,action_button_clicked,CL,🟢 VIVO (Parcial · object 67%),Mantener,117860,Fila 40,Fila 123,packages/features/core/sqi/module/lib/core/attribution/events.dart,"Queremos saber como es el comportamiento de las personas en el flujo de seleccione de producto(SQI por ahora) para aumentar la conversion de este paso y asi aumentar la conversion general hacia el cashin





","¿Cuántas personas se quedan sin seleccionar un fondo?, ¿Cuanto gente selecciona SQI y cuantas personas seleccionan meta?, ¿Cada cuanto en promedio las personas estan entrando al flujo de creación de SQI (dias)?, ¿Cuál es  la conversion del flujo para la primera sesion en el flujo?, ¿Cuantas personas seleccina la opción de meta en la pantala de advisory?, ¿Cada cuanto estan entranto a la flujo de creacion de meta (dias)?"
Thor,FFMM-CL,AMP-9-0011,product,SQI_All,Product Fund Selected,next_button_clicked,CL,🔴 SIN RASTRO,Deprecar / Implementar de cero,0,,,,"Queremos saber como es el comportamiento de las personas en el flujo de seleccione de producto(SQI por ahora) para aumentar la conversion de este paso y asi aumentar la conversion general hacia el cashin





","¿Cuántas personas se quedan sin seleccionar un fondo?, ¿Cada cuanto en promedio las personas estan entrando al flujo de creación de SQI (dias)?, ¿Cuál es  la conversion del flujo para la primera sesion en el flujo?, ¿Cuanta gente selecciona un fonodo a arriesgado, moderodo, y convervador?"
Thor,FFMM-CL,AMP-9-0012,product,SQI_CreationSuccess,SQI created,,CL,🔴 SIN RASTRO,Deprecar / Implementar de cero,0,,,,"Queremos saber como es el comportamiento de las personas en el flujo de seleccione de producto(SQI por ahora) para aumentar la conversion de este paso y asi aumentar la conversion general hacia el cashin





","¿Cuántas personas se quedan sin seleccionar un fondo?, ¿Cuál es  la conversion del flujo para la primera sesion en el flujo?, ¿Cuál es  la conversion del flujo para la primera sesion en el flujo?, ¿Cuanta gente esta mirando el detalla del fondo y cuanta gente no lo esta mirando?"
Thor,KYC,AMP-9-0013,kyc,KYC_IdentityVinculationInstructions, Kyc Started,next_button_clicked,"CL, CO, PE",🟢 VIVO (Parcial · object 74%) (ℹ️ 1:N Programático),Mantener,319,Fila 366,Fila 394,packages/features/generic/kyc/module/lib/core/attribution/events.dart,"Buscamos entender como se estan comporando los usuarios durante el KYC, con la finalidad de aumentar el % de conversion y asi mejorar la conversión general desde registro hasta cashin 





","¿Cuántos usuarios llegan a cada modulo del KYC? , ¿Cuanto es el tiempo promedio que toma hacer el KYC? (end to end) (min), ¿Qué pocentaje de las personas salen del flujo y retornan despues?"
Thor,KYC,AMP-9-0014,kyc,KYC_ResumeProcess,Kyc Resumed,next_button_clicked,"CL, CO, PE","🟠 EN CÓDIGO, NO DISPARA",Revisar trigger en código,0,,Fila 391,packages/features/generic/kyc/module/lib/core/attribution/events.dart,"Buscamos entender como se estan comporando los usuarios durante el KYC, con la finalidad de aumentar el % de conversion y asi mejorar la conversión general desde registro hasta cashin 





","¿Qué pocentaje de las personas salen del flujo y retornan despues?, ¿En promedio, cuantas veces las personas entran al flujo antes de completarlo?, ¿Cuantas sessions en promedio toma completer el flujo?"
Thor,KYC,AMP-9-0015,kyc,KYC_SecurityQuestions,Kyc Completed Security Questions,next_button_clicked,"CL, CO, PE",🔴 SIN RASTRO,Deprecar / Implementar de cero,0,,,,"Buscamos entender como se estan comporando los usuarios durante el KYC, con la finalidad de aumentar el % de conversion y asi mejorar la conversión general desde registro hasta cashin 





",¿Cuántos usuarios llegan a cada modulo del KYC? 
Thor,KYC,AMP-9-0016,kyc,KYC_IdentityValidationPersonalDataAndIDInformation,Kyc Completed Personal Questions,next_button_clicked,"CL, CO, PE","🟠 DISPARA, NO ESTÁ EN CÓDIGO",Revisar naming en código FE,31491,Fila 166,,,"Buscamos entender como se estan comporando los usuarios durante el KYC, con la finalidad de aumentar el % de conversion y asi mejorar la conversión general desde registro hasta cashin 





",¿Cuántos usuarios llegan a cada modulo del KYC? 
Thor,KYC,AMP-9-0017,kyc,KYC_ResidenceInformation,Kyc Completed Residece Questions,next_button_clicked,"CL, CO, PE",🔴 SIN RASTRO,Deprecar / Implementar de cero,0,,,,"Buscamos entender como se estan comporando los usuarios durante el KYC, con la finalidad de aumentar el % de conversion y asi mejorar la conversión general desde registro hasta cashin 





",¿Cuántos usuarios llegan a cada modulo del KYC? 
Thor,KYC,AMP-9-0018,kyc,KYC_WorkingInformation,Kyc Completed Work Questions,next_button_clicked,"CL, CO, PE",🔴 SIN RASTRO,Deprecar / Implementar de cero,0,,,,"Buscamos entender como se estan comporando los usuarios durante el KYC, con la finalidad de aumentar el % de conversion y asi mejorar la conversión general desde registro hasta cashin 





",¿Cuántos usuarios llegan a cada modulo del KYC? 
Thor,KYC,AMP-9-0019,kyc,KYC_FinancialInformation, Kyc Completed Financial Questions,next_button_clicked,"CL, CO, PE",🔴 SIN RASTRO,Deprecar / Implementar de cero,0,,,,"Buscamos entender como se estan comporando los usuarios durante el KYC, con la finalidad de aumentar el % de conversion y asi mejorar la conversión general desde registro hasta cashin 





",¿Cuántos usuarios llegan a cada modulo del KYC? 
Thor,KYC,AMP-9-0020,kyc,KYC_CompleteBonding,Kyc Completed Sigining Contract,next_button_clicked,CL,🔴 SIN RASTRO,Deprecar / Implementar de cero,0,,,,"Buscamos entender como se estan comporando los usuarios durante el KYC, con la finalidad de aumentar el % de conversion y asi mejorar la conversión general desde registro hasta cashin 





","¿Cuántos usuarios llegan a cada modulo del KYC? , ¿Cuanto es el tiempo promedio que toma hacer el KYC? (end to end) (min)"
Thor,TRANSVERSAL,AMP-9-0021,cash_out,Dashboard,Cash out Entered,action_button_clicked,CL,🟢 VIVO (Exacto) (⚠️ Colisión),Mantener,77710,Fila 56,Fila 318,packages/features/generic/dashboard/module/lib/core/attribution/events.dart,"Queremos sabes cual es comportamiento de los usarios en el flujo de cashout, para lograr disminuirlo.",¿Cuántos usuarios llegan a cada pantalla del cashout? 
Thor,TRANSVERSAL,AMP-9-0022,cash_out,Settings, Cash out Entered,action_button_clicked,CL,🟢 VIVO (Exacto) (⚠️ Colisión),Mantener,25,Fila 441,Fila 146,packages/features/generic/account/module/lib/core/attribution/events.dart,"Queremos sabes cual es comportamiento de los usarios en el flujo de cashout, para lograr disminuirlo.",¿Cuántos usuarios llegan a cada pantalla del cashout? 
Thor,FFMM-CL,AMP-9-0023,cash_out,Cashout_Reason,Cash Out Reason Selected,action_button_clicked,CL,🔴 SIN RASTRO,Deprecar / Implementar de cero,0,,,,"Queremos sabes cual es comportamiento de los usarios en el flujo de cashout, para lograr disminuirlo.",¿Cuántos usuarios llegan a cada pantalla del cashout? 
Thor,FFMM-CL,AMP-9-0024,cash_out,Cashout_SelectMultipleAmount,Cash out amount entered,action_button_clicked,CL,"🟠 DISPARA, NO ESTÁ EN CÓDIGO",Revisar naming en código FE,2,Fila 478,,,"Queremos sabes cual es comportamiento de los usarios en el flujo de cashout, para lograr disminuirlo.",¿Cuántos usuarios llegan a cada pantalla del cashout? 
Thor,FFMM-CL,AMP-9-0025,cash_out,Cashout_SelectAmount,Cash out amount entered,action_button_clicked,CL,🔴 SIN RASTRO,Deprecar / Implementar de cero,0,,,,"Queremos sabes cual es comportamiento de los usarios en el flujo de cashout, para lograr disminuirlo.",¿Cuántos usuarios llegan a cada pantalla del cashout? 
Thor,FFMM-CL,AMP-9-0026,cash_out,Cashout_ChooseBankAccount,Cash out bank entered,action_button_clicked,CL,🟢 VIVO (Exacto) (⚠️ Colisión),Mantener,94,Fila 408,Fila 288,packages/features/generic/cash_out/module/lib/core/attribution/events.dart,"Queremos sabes cual es comportamiento de los usarios en el flujo de cashout, para lograr disminuirlo.","¿Cuántos usuarios llegan a cada pantalla del cashout? , ¿Que proporcion de los cashout son a cuantas ya registradas?"
Thor,FFMM-CL,AMP-9-0027,cash_out,Cashout_SummaryInvestmentFFMM,Cash out summary,action_button_clicked,CL,"🟠 DISPARA, NO ESTÁ EN CÓDIGO",Revisar naming en código FE,92,Fila 410,,,"Queremos sabes cual es comportamiento de los usarios en el flujo de cashout, para lograr disminuirlo.","¿Cuántos usuarios llegan a cada pantalla del cashout? , ¿Cuantas personas usan determinados bancos (pocentaje)?, ¿Cual es la tasa de conversion de acuerdo al banco del cashout?"
Thor,FFMM-CL,AMP-9-0028,cash_out,Cashout_Requested,Cash in completed,button_text_clicked,CL,🔴 SIN RASTRO,Deprecar / Implementar de cero,0,,,,"Queremos sabes cual es comportamiento de los usarios en el flujo de cashout, para lograr disminuirlo.","¿Cuántos usuarios llegan a cada pantalla del cashout? , ¿Cual es la tasa de conversion de acuerdo al banco del cashout?"
Thor,FFMM-CL,AMP-9-0029,product,GoalCreation_SimulatorBottonSheetModal,Product_Goal_Input_Selected,action_button_clicked,CL,🟢 VIVO (Parcial · object 62%),Mantener,23495,Fila 140,Fila 8,packages/features/core/fic/module/lib/core/attribution/events.dart,Queremos saber cual es el comportamiento de los usarios o clientes sobre el flujo decreacion de producto en meta,"¿Cual es el monto y plazo promedio de las simulaciones de la creacion de meta?, ¿Cuanto timepo (meses) se demora la persona promedio en la pantalla de simulación?, ¿Cuanto es el dropoff rate de las pantalla propias de la el flujo de creacion de meta?"
Thor,FFMM-CL,AMP-9-0030,product,Goalcreation_Summary,Goal_Input,action_button_clicked,CL,🟢 VIVO (Parcial · object 62%),Mantener,6477,Fila 229,Fila 10,packages/features/core/fic/module/lib/core/attribution/events.dart,Queremos saber cual es el comportamiento de los usarios o clientes sobre el flujo decreacion de producto en meta,¿Cuanto es el dropoff rate de las pantalla propias de la el flujo de creacion de meta?
Thor,FFMM-CL,AMP-9-0031,cash_out,GoalDetail_Fund,Cash out Entered,action_button_clicked,CL,"🟠 EN CÓDIGO, NO DISPARA",Revisar trigger en código,0,,Fila 14,packages/features/core/fic/module/lib/core/attribution/events.dart,"Queremos sabes cual es comportamiento de los usarios en el flujo de cashout, para lograr disminuirlo.",¿Cuántos usuarios llegan a cada pantalla del cashout? 
Thor,FFMM-CL,AMP-9-0032,cash_in,GoalDetail_Fund,Cash in Entered,action_button_clicked,CL,"🟠 EN CÓDIGO, NO DISPARA",Revisar trigger en código,0,,Fila 13,packages/features/core/fic/module/lib/core/attribution/events.dart,Queremos saber cual es el comportamiento de los usarios o clientes sobre el flujo de cash in para mejorar la conversion y el engagent cashin,¿Cuántos usuarios llegan a cada pantalla del cashin? 
Thor,FFMM-CL,AMP-9-0033,product,Goalcreation_Summary,Resumen,edit_button_clicked,CL,🟢 VIVO (Divergente · object 58%),Mantener,1891,Fila 304,Fila 11,packages/features/core/fic/module/lib/core/attribution/events.dart,"Buscamos entender como se estan comporando los usuarios durante el KYC, con la finalidad de aumentar el % de conversion y asi mejorar la conversión general desde registro hasta cashin 





",¿cuántas personas editan el nombre o personalizan su meta en la pantalla de resumen?
Thor,FFMM-CL,AMP-9-0034,product,Goalcreation_Summary,Resumen,action_button_clicked,CL,🟢 VIVO (Divergente · event 0%),Mantener,3310,Fila 274,Fila 12,packages/features/core/fic/module/lib/core/attribution/events.dart,"Buscamos entender como se estan comporando los usuarios durante el KYC, con la finalidad de aumentar el % de conversion y asi mejorar la conversión general desde registro hasta cashin 





",¿cuántas personas editan la simulación para la creación de la meta en la pantalla de resumen?
Thor,FFMM-CL,AMP-9-0035,cash_out,SQIDetail_Fund,Cash out Entered,action_button_clicked,CL,🟢 VIVO (Exacto) (⚠️ Colisión),Mantener,28,Fila 439,Fila 127,packages/features/core/sqi/module/lib/core/attribution/events.dart,"Queremos sabes cual es comportamiento de los usarios en el flujo de cashout, para lograr disminuirlo.",¿Cuántos usuarios llegan a cada pantalla del cashout? 
Thor,FFMM-CL,AMP-9-0036,cash_in,SQIDetail_Fund,Cash in Entered,action_button_clicked,CL,🟢 VIVO (Exacto),Mantener,77,Fila 417,Fila 126,packages/features/core/sqi/module/lib/core/attribution/events.dart,Queremos saber cual es el comportamiento de los usarios o clientes sobre el flujo de cash in para mejorar la conversion y el engagent cashin,¿Cuántos usuarios llegan a cada pantalla del cashin? 
Thor,FFMM-CL,AMP-9-0037,product,FFMM_SplashGoal,Product_Goal_Transition_Screen_Viewed,screen,CL,🟢 VIVO (Exacto),Mantener,37327,Fila 112,Fila 9,packages/features/core/fic/module/lib/core/attribution/events.dart,Queremos saber cuantas personas y cuales pasan por la pantalla de transacion de meta y sqi para tenerlas en cuenta en un flujo de CRM,¿Cuantas personas pasan por la pantalla de transicion de meta?
Thor,FFMM-CL,AMP-9-0038,product,FFMM_SplashSQI,Product_Sqi_Transition_Screen_Viewed,screen,CL,"🟠 EN CÓDIGO, NO DISPARA",Revisar trigger en código,0,,Fila 124,packages/features/core/sqi/module/lib/core/attribution/events.dart,Queremos saber cuantas personas y cuales pasan por la pantalla de transacion de meta y sqi para tenerlas en cuenta en un flujo de CRM,¿Cuantas personas pasan por la pantalla de transicion de SQI?
Thor,KYC,AMP-9-0039,kyc,KYC_IDPhotoInstructions,KYC_IDPhotoInstructions_Continued,action_button_clicked,CL,🟢 VIVO (Exacto) (⚠️ Colisión),Mantener,47467,Fila 90,Fila 197,packages/features/generic/biometric_verify/module/lib/core/attribution/biometric_event.dart,"Buscamos entender como se estan comporando los usuarios durante el KYC, con la finalidad de aumentar el % de conversion y asi mejorar la conversión general desde registro hasta cashin 





",¿Cuanta gente avanza para tomar las fotos del documento?
Thor,KYC,AMP-9-0040,kyc,KYC_FrontIDPhoto,KYC_FrontIDPhoto_Taken,action_button_clicked,"CL,PE,CO",🟢 VIVO (Exacto) (⚠️ Colisión),Mantener,2413,Fila 293,Fila 198,packages/features/generic/biometric_verify/module/lib/core/attribution/biometric_event.dart,"Buscamos entender como se estan comporando los usuarios durante el KYC, con la finalidad de aumentar el % de conversion y asi mejorar la conversión general desde registro hasta cashin 





",¿Cuanta gente toma las fotos del documento?
Thor,KYC,AMP-9-0041,kyc,CompleteKYC_IDVerificationPicture,CompleteKYC_IDVerificationPicture_Taken,action_button_clicked,"CL,PE,CO",🟢 VIVO (Exacto),Mantener,1738,Fila 306,Fila 199,packages/features/generic/biometric_verify/module/lib/core/attribution/biometric_event.dart,"Buscamos entender como se estan comporando los usuarios durante el KYC, con la finalidad de aumentar el % de conversion y asi mejorar la conversión general desde registro hasta cashin 





",¿Cuanta gente toma las fotos del documento?
Thor,KYC,AMP-9-0042,kyc,KYC_AllowAccessToCamera,KYC_AllowAccessToCamera_Given,action_button_clicked,CL,"🟠 EN CÓDIGO, NO DISPARA (⚠️ Colisión)",Revisar trigger en código,0,,Fila 200,packages/features/generic/biometric_verify/module/lib/core/attribution/biometric_event.dart,"Buscamos entender como se estan comporando los usuarios durante el KYC, con la finalidad de aumentar el % de conversion y asi mejorar la conversión general desde registro hasta cashin 





",¿Cuanta gente le da los permisos a la foto?
Thor,KYC,AMP-9-0043,kyc,KYC_FrontIDPhotoConfirmation,KYC_FrontIDPhotoConfirmation_Repeated,action_button_clicked,"CL,PE,CO",🟢 VIVO (Exacto) (⚠️ Colisión),Mantener,2407,Fila 300,Fila 201,packages/features/generic/biometric_verify/module/lib/core/attribution/biometric_event.dart,"Buscamos entender como se estan comporando los usuarios durante el KYC, con la finalidad de aumentar el % de conversion y asi mejorar la conversión general desde registro hasta cashin 





",¿Cuanta gente le da a repetir a la foto frontal?
Thor,KYC,AMP-9-0044,kyc,KYC_FrontIDPhotoConfirmation,KYC_FrontIDPhotoConfirmation_Saved,action_button_clicked,CL,🟢 VIVO (Exacto) (⚠️ Colisión),Mantener,2407,Fila 300,Fila 201,packages/features/generic/biometric_verify/module/lib/core/attribution/biometric_event.dart,"Buscamos entender como se estan comporando los usuarios durante el KYC, con la finalidad de aumentar el % de conversion y asi mejorar la conversión general desde registro hasta cashin 





",¿Cuanta gente le da guardar al tomar la foto frontal?
Thor,KYC,AMP-9-0045,kyc,KYC_BackIDPhotoConfirmation,KYC_BackIDPhotoConfirmation_Repeated,action_button_clicked,"CL,PE,CO",🟢 VIVO (Exacto) (⚠️ Colisión),Mantener,1737,Fila 313,Fila 203,packages/features/generic/biometric_verify/module/lib/core/attribution/biometric_event.dart,"Buscamos entender como se estan comporando los usuarios durante el KYC, con la finalidad de aumentar el % de conversion y asi mejorar la conversión general desde registro hasta cashin 





",¿Cuanta gente le da a repetir a la foto posterior?
Thor,KYC,AMP-9-0046,kyc,KYC_BackIDPhotoConfirmation,KYC_BackIDPhotoConfirmation_Saved,action_button_clicked,CL,🟢 VIVO (Exacto) (⚠️ Colisión),Mantener,1737,Fila 313,Fila 203,packages/features/generic/biometric_verify/module/lib/core/attribution/biometric_event.dart,"Buscamos entender como se estan comporando los usuarios durante el KYC, con la finalidad de aumentar el % de conversion y asi mejorar la conversión general desde registro hasta cashin 





",¿Cuanta gente le da guardar a la foto posterior?
Thor,KYC,AMP-9-0047,kyc,KYC_animationbackphoto,KYC_BackIDPhotoSuccess_Loading,,CL,🔴 SIN RASTRO,Deprecar / Implementar de cero,0,,,,,¿Cuanta gente termina el proceso de escaneo de su foto?
Thor,FFMM-CL,AMP-9-0048,product,"SQI_ChooseFundModal, SQI_FoundSummary",Product_Funds_Created,action_button_clicked,CL,🔴 SIN RASTRO,Deprecar / Implementar de cero,0,,,,,
Thor,KYC,AMP-9-0049,kyc,KYC_AllowAccessToCamera,KYC_AllowAccessToCamera_Clicked,action_button_clicked,CL,"🟠 EN CÓDIGO, NO DISPARA (⚠️ Colisión)",Revisar trigger en código,0,,Fila 200,packages/features/generic/biometric_verify/module/lib/core/attribution/biometric_event.dart,"Buscamos entender como se estan comporando los usuarios durante el KYC, con la finalidad de aumentar el % de conversion y asi mejorar la conversión general desde registro hasta cashin 





","¿Cuanta gente le da los permisos a la foto?




"
Thor,TRANSVERSAL,AMP-9-0050,profiling,Profiling_Intro_CL,Profiling_Intro_CL_Started,action_button_clicked,CL,"🟠 DISPARA, NO ESTÁ EN CÓDIGO",Revisar naming en código FE,277,Fila 372,,,Queremos saber cuantas personas pasaron por el flujo de perfilamiento en chile,"¿Cuanta gente comienza con el perfilamiento?





"
Thor,KYC,AMP-9-0051,kyc,View_error,KYC_Error_Retry,action_button_clicked,"CL,CO,PE",🟢 VIVO (Exacto),Mantener,784,Fila 337,Fila 207,packages/features/generic/biometric_verify/module/lib/core/attribution/biometric_event.dart,,"¿Cuanta gente tiene un error de foto?




"
Thor,FFMM-CL,AMP-9-0052,product,Goalcreation_Summary,Edit_Goal_Name,action_button_clicked,"CL,CO,PE",🔴 SIN RASTRO,Deprecar / Implementar de cero,0,,,,,¿Que tipo de meta escogen más los usuarios?
Thor,FFMM-CL,AMP-9-0053,La Araucana,Onboarding_ProductOfferBenefitsLAraucana_CL,Product_selection,action_button_clicked,CL,🔴 SIN RASTRO,Deprecar / Implementar de cero,0,,,,,¿Cuantos usuarios de La Araucana entran a crear producto?
Thor,FFMM-CL,AMP-9-0054,La Araucana,SuccessLaAraucana_CL,Product_creation_success,action_button_clicked,CL,🔴 SIN RASTRO,Deprecar / Implementar de cero,0,,,,,¿Cuantos usuarios de La Araucana entran a crear producto?
Thor,FFMM-CL,AMP-9-0055,La Araucana,SuccessLaAraucana_CL,Product_creation_success,action_button_clicked,CL,🔴 SIN RASTRO,Deprecar / Implementar de cero,0,,,,,¿Cuantos usuarios de La Araucana entran a crear producto?
Wanda,FVP,AMP-14-0001,cash_in,CashIn_ConfirmationAbortProcessModal_FPVCO,CashIn_Abort,action_button,"CO, PE, CL",🟢 VIVO (Exacto),Mantener,92,Fila 412,Fila 230,packages/features/generic/cash_in/module/lib/core/attribution/events.dart,"Queremos entender el comportamiento de los usuarios en el flujo de cash in, identificando la cantidad de clientes que abandonan la intención de inversión y su frecuencia","¿Cuantos usuarios confirman la ""salida del cash in"" justo antes de iniciar la transferencia?"
